sample_id,image_path,orig_label,orig_label_id,ollama_emotion,ollama_emotion_id,ollama_confidence,ollama_agree,ollama_happy_score,ollama_sad_score,ollama_angry_score,ollama_fear_score,ollama_color_warmth,ollama_line_pressure,ollama_figure_size,ollama_composition_openness,ollama_color_darkness,ollama_line_chaos
101-1B-676-M-H,C:\Users\alper\Desktop\CCDDA\dataset_qwen_selected\angry\101-1B-676-M-H.jpg,Angry,2,happy,0,1.0,0,10,0,0,0,10,0,10,10,0,0
101-1D-624-M-S,C:\Users\alper\Desktop\CCDDA\dataset_qwen_selected\angry\101-1D-624-M-S.jpg,Angry,2,happy,0,0.9,0,8,2,1,1,8,5,7,6,2,4
101-1D-853-F-S,C:\Users\alper\Desktop\CCDDA\dataset_qwen_selected\angry\101-1D-853-F-S.jpg,Angry,2,happy,0,1.0,0,10,0,0,0,10,10,10,10,0,0
101-1E-272-F-S,C:\Users\alper\Desktop\CCDDA\dataset_qwen_selected\angry\101-1E-272-F-S.jpg,Angry,2,happy,0,1.0,0,10,0,0,0,10,10,10,10,0,0
101-1H-236-M-S,C:\Users\alper\Desktop\CCDDA\dataset_qwen_selected\angry\101-1H-236-M-S.jpg,Angry,2,happy,0,1.0,0,10,0,0,0,10,10,10,10,0,0
101-1H-724-M-S,C:\Users\alper\Desktop\CCDDA\dataset_qwen_selected\angry\101-1H-724-M-S.jpg,Angry,2,happy,0,0.8,0,8,2,1,1,8,5,7,6,3,7
101-1I-1196-M-S,C:\Users\alper\Desktop\CCDDA\dataset_qwen_selected\angry\101-1I-1196-M-S.jpg,Angry,2,happy,0,1.0,0,10,0,0,0,10,0,10,10,0,0
101-1I-298-M-S,C:\Users\alper\Desktop\CCDDA\dataset_qwen_selected\angry\101-1I-298-M-S.jpg,Angry,2,happy,0,0.8,0,8,2,1,1,7,6,7,6,3,4
101-1I-348-M-H,C:\Users\alper\Desktop\CCDDA\dataset_qwen_selected\angry\101-1I-348-M-H.jpg,Angry,2,sad,1,0.0,0,0,0,0,0,0,0,0,0,0,0
101-1I-604-M-S,C:\Users\alper\Desktop\CCDDA\dataset_qwen_selected\angry\101-1I-604-M-S.jpg,Angry,2,happy,0,1.0,0,10,0,0,0,10,0,10,10,0,0
101-1I-725-M-S,C:\Users\alper\Desktop\CCDDA\dataset_qwen_selected\angry\101-1I-725-M-S.jpg,Angry,2,happy,0,1.0,0,10,0,0,0,10,0,10,10,0,0
101-1I-815-M-S,C:\Users\alper\Desktop\CCDDA\dataset_qwen_selected\angry\101-1I-815-M-S.jpg,Angry,2,happy,0,0.9,0,8,2,1,0,8,5,7,7,2,3
101-1Q-112-F-S,C:\Users\alper\Desktop\CCDDA\dataset_qwen_selected\angry\101-1Q-112-F-S.jpg,Angry,2,sad,1,0.8,0,5,5,0,0,5,5,5,5,0,0
101-1Q-137-M-H,C:\Users\alper\Desktop\CCDDA\dataset_qwen_selected\angry\101-1Q-137-M-H.jpg,Angry,2,happy,0,1.0,0,10,0,0,0,10,0,10,10,0,0
101-1Q-250-F-S,C:\Users\alper\Desktop\CCDDA\dataset_qwen_selected\angry\101-1Q-250-F-S.jpg,Angry,2,happy,0,1.0,0,10,0,0,0,10,0,10,10,0,0
101-2F-961-M-S,C:\Users\alper\Desktop\CCDDA\dataset_qwen_selected\angry\101-2F-961-M-S.jpg,Angry,2,happy,0,1.0,0,10,0,0,0,10,10,10,10,0,0
101-3F-1093-M-S,C:\Users\alper\Desktop\CCDDA\dataset_qwen_selected\angry\101-3F-1093-M-S.jpg,Angry,2,happy,0,1.0,0,10,0,0,0,10,10,10,10,0,0
101-3F-328-F-S,C:\Users\alper\Desktop\CCDDA\dataset_qwen_selected\angry\101-3F-328-F-S.jpg,Angry,2,sad,1,0.8,0,5,5,0,0,7,3,6,7,0,0
101-3F-480-M-S,C:\Users\alper\Desktop\CCDDA\dataset_qwen_selected\angry\101-3F-480-M-S.jpg,Angry,2,happy,0,1.0,0,10,0,0,0,10,10,10,10,0,0
101-3F-639-F-S,C:\Users\alper\Desktop\CCDDA\dataset_qwen_selected\angry\101-3F-639-F-S.jpg,Angry,2,happy,0,0.8,0,5,2,1,1,3,5,7,7,2,3
101-3F-841-F-S,C:\Users\alper\Desktop\CCDDA\dataset_qwen_selected\angry\101-3F-841-F-S.jpg,Angry,2,happy,0,1.0,0,10,0,0,0,10,0,10,10,0,0
101-3F-955-M-S,C:\Users\alper\Desktop\CCDDA\dataset_qwen_selected\angry\101-3F-955-M-S.jpg,Angry,2,happy,0,0.8,0,8,2,0,0,7,6,7,7,2,3
101-3I-132-F-S,C:\Users\alper\Desktop\CCDDA\dataset_qwen_selected\angry\101-3I-132-F-S.jpg,Angry,2,happy,0,1.0,0,10,0,0,0,10,0,10,10,0,0
101-4C-1004-M-S,C:\Users\alper\Desktop\CCDDA\dataset_qwen_selected\angry\101-4C-1004-M-S.jpg,Angry,2,happy,0,0.9,0,10,0,0,0,10,5,8,8,0,0
101-4C-551-M-S,C:\Users\alper\Desktop\CCDDA\dataset_qwen_selected\angry\101-4C-551-M-S.jpg,Angry,2,happy,0,1.0,0,10,0,0,0,10,0,10,10,0,0
101-4E-1263-F-S,C:\Users\alper\Desktop\CCDDA\dataset_qwen_selected\angry\101-4E-1263-F-S.jpg,Angry,2,happy,0,1.0,0,10,0,0,0,10,0,10,10,0,0
101-4E-893-M-S,C:\Users\alper\Desktop\CCDDA\dataset_qwen_selected\angry\101-4E-893-M-S.jpg,Angry,2,angry,2,0.8,1,5,2,8,1,2,8,7,3,7,8
101-4F-867-M-S,C:\Users\alper\Desktop\CCDDA\dataset_qwen_selected\angry\101-4F-867-M-S.jpg,Angry,2,happy,0,0.9,0,8,2,1,1,7,6,7,7,3,5
102-1C-197-M-S,C:\Users\alper\Desktop\CCDDA\dataset_qwen_selected\angry\102-1C-197-M-S.jpg,Angry,2,sad,1,0.8,0,8,2,0,0,0,0,0,0,0,0
102-1D-1087-M-S,C:\Users\alper\Desktop\CCDDA\dataset_qwen_selected\angry\102-1D-1087-M-S.jpg,Angry,2,happy,0,1.0,0,10,0,0,0,10,0,10,10,0,0
102-1D-345-F-S,C:\Users\alper\Desktop\CCDDA\dataset_qwen_selected\angry\102-1D-345-F-S.jpg,Angry,2,happy,0,1.0,0,10,0,0,0,10,10,10,10,0,0
102-1E-1096-M-S,C:\Users\alper\Desktop\CCDDA\dataset_qwen_selected\angry\102-1E-1096-M-S.jpg,Angry,2,happy,0,0.9,0,10,0,0,0,10,5,7,8,0,3
102-1E-613-M-S,C:\Users\alper\Desktop\CCDDA\dataset_qwen_selected\angry\102-1E-613-M-S.jpg,Angry,2,happy,0,0.9,0,8,2,0,0,8,7,7,7,0,0
102-2A-868-F-S,C:\Users\alper\Desktop\CCDDA\dataset_qwen_selected\angry\102-2A-868-F-S.jpg,Angry,2,happy,0,0.8,0,5,3,2,1,7,6,8,7,2,4
102-2B-466-M-S,C:\Users\alper\Desktop\CCDDA\dataset_qwen_selected\angry\102-2B-466-M-S.jpg,Angry,2,happy,0,0.8,0,5,2,3,1,7,6,8,7,2,4
102-2B-888-F-S,C:\Users\alper\Desktop\CCDDA\dataset_qwen_selected\angry\102-2B-888-F-S.jpg,Angry,2,happy,0,0.8,0,8,2,1,1,8,5,7,7,2,3
102-2C-136-F-S,C:\Users\alper\Desktop\CCDDA\dataset_qwen_selected\angry\102-2C-136-F-S.jpg,Angry,2,happy,0,1.0,0,10,0,0,0,10,0,10,10,0,0
102-2F-1008-F-S,C:\Users\alper\Desktop\CCDDA\dataset_qwen_selected\angry\102-2F-1008-F-S.jpg,Angry,2,happy,0,0.9,0,8,2,1,0,8,7,7,8,2,3
102-2F-961-F-S,C:\Users\alper\Desktop\CCDDA\dataset_qwen_selected\angry\102-2F-961-F-S.jpg,Angry,2,happy,0,1.0,0,10,0,0,0,10,10,10,10,0,0
102-2G-996-F-S,C:\Users\alper\Desktop\CCDDA\dataset_qwen_selected\angry\102-2G-996-F-S.jpg,Angry,2,happy,0,1.0,0,10,0,0,0,10,0,10,10,0,0
102-3E-588-F-S,C:\Users\alper\Desktop\CCDDA\dataset_qwen_selected\angry\102-3E-588-F-S.jpg,Angry,2,happy,0,1.0,0,10,0,0,0,10,10,10,10,0,0
102-3E-696-F-S,C:\Users\alper\Desktop\CCDDA\dataset_qwen_selected\angry\102-3E-696-F-S.jpg,Angry,2,happy,0,1.0,0,10,0,0,0,10,10,10,10,0,0
102-4A-612-F-S,C:\Users\alper\Desktop\CCDDA\dataset_qwen_selected\angry\102-4A-612-F-S.jpg,Angry,2,happy,0,0.8,0,5,3,2,1,7,6,8,7,2,3
102-4C-46-F-S,C:\Users\alper\Desktop\CCDDA\dataset_qwen_selected\angry\102-4C-46-F-S.jpg,Angry,2,happy,0,0.9,0,8,2,1,1,8,7,6,4,2,6
102-4C-748-M-S,C:\Users\alper\Desktop\CCDDA\dataset_qwen_selected\angry\102-4C-748-M-S.jpg,Angry,2,happy,0,1.0,0,10,0,0,0,10,0,10,10,0,0
103-2N-1147-M-S,C:\Users\alper\Desktop\CCDDA\dataset_qwen_selected\angry\103-2N-1147-M-S.jpg,Angry,2,happy,0,0.9,0,8,2,1,1,8,7,7,6,2,4
103-2N-1713-M-S,C:\Users\alper\Desktop\CCDDA\dataset_qwen_selected\angry\103-2N-1713-M-S.jpg,Angry,2,happy,0,0.9,0,8,2,0,0,8,5,7,7,2,3
103-2N-2043-F-S,C:\Users\alper\Desktop\CCDDA\dataset_qwen_selected\angry\103-2N-2043-F-S.jpg,Angry,2,happy,0,1.0,0,10,0,0,0,10,0,10,10,0,0
103-2N-44-M-S,C:\Users\alper\Desktop\CCDDA\dataset_qwen_selected\angry\103-2N-44-M-S.jpg,Angry,2,happy,0,1.0,0,10,0,0,0,10,0,10,10,0,0
103-2N-71-F-S,C:\Users\alper\Desktop\CCDDA\dataset_qwen_selected\angry\103-2N-71-F-S.jpg,Angry,2,happy,0,1.0,0,10,0,0,0,10,0,10,10,0,0
103-3B-1018-M-S,C:\Users\alper\Desktop\CCDDA\dataset_qwen_selected\angry\103-3B-1018-M-S.jpg,Angry,2,happy,0,1.0,0,10,0,0,0,10,0,10,10,0,0
103-3B-1645-M-S,C:\Users\alper\Desktop\CCDDA\dataset_qwen_selected\angry\103-3B-1645-M-S.jpg,Angry,2,happy,0,0.9,0,8,2,0,0,8,7,7,8,2,0
103-3C-56-F-S,C:\Users\alper\Desktop\CCDDA\dataset_qwen_selected\angry\103-3C-56-F-S.jpg,Angry,2,happy,0,0.9,0,8,2,1,1,8,5,7,7,1,3
103-3E-1001-F-S,C:\Users\alper\Desktop\CCDDA\dataset_qwen_selected\angry\103-3E-1001-F-S.jpg,Angry,2,happy,0,1.0,0,10,0,0,0,10,0,10,10,0,0
103-3E-842-F-S,C:\Users\alper\Desktop\CCDDA\dataset_qwen_selected\angry\103-3E-842-F-S.jpg,Angry,2,happy,0,1.0,0,10,0,0,0,10,0,10,10,0,0
103-3H-1047-M-S,C:\Users\alper\Desktop\CCDDA\dataset_qwen_selected\angry\103-3H-1047-M-S.jpg,Angry,2,happy,0,1.0,0,10,0,0,0,10,0,10,10,0,0
103-3H-1478-F-S,C:\Users\alper\Desktop\CCDDA\dataset_qwen_selected\angry\103-3H-1478-F-S.jpg,Angry,2,happy,0,1.0,0,10,0,0,0,10,0,10,10,0,0
103-3H-2104-F-S,C:\Users\alper\Desktop\CCDDA\dataset_qwen_selected\angry\103-3H-2104-F-S.jpg,Angry,2,happy,0,1.0,0,10,0,0,0,10,0,10,10,0,0
103-3Q-728-F-S,C:\Users\alper\Desktop\CCDDA\dataset_qwen_selected\angry\103-3Q-728-F-S.jpg,Angry,2,happy,0,1.0,0,10,0,0,0,10,0,10,10,0,0
103-3Q-729-M-S,C:\Users\alper\Desktop\CCDDA\dataset_qwen_selected\angry\103-3Q-729-M-S.jpg,Angry,2,happy,0,1.0,0,10,0,0,0,10,10,10,10,0,0
103-4A-1-M-S,C:\Users\alper\Desktop\CCDDA\dataset_qwen_selected\angry\103-4A-1-M-S.jpg,Angry,2,sad,1,0.8,0,5,0,0,0,0,0,0,0,0,0
103-4A-134-F-S,C:\Users\alper\Desktop\CCDDA\dataset_qwen_selected\angry\103-4A-134-F-S.jpg,Angry,2,happy,0,1.0,0,10,0,0,0,10,0,10,10,0,0
103-4A-319-M-S,C:\Users\alper\Desktop\CCDDA\dataset_qwen_selected\angry\103-4A-319-M-S.jpg,Angry,2,happy,0,1.0,0,10,0,0,0,10,0,10,10,0,0
103-4A-814-M-S,C:\Users\alper\Desktop\CCDDA\dataset_qwen_selected\angry\103-4A-814-M-S.jpg,Angry,2,happy,0,1.0,0,10,0,0,0,10,0,10,10,0,0
103-4B-1431-F-S,C:\Users\alper\Desktop\CCDDA\dataset_qwen_selected\angry\103-4B-1431-F-S.jpg,Angry,2,happy,0,1.0,0,10,0,0,0,10,0,10,10,0,0
103-4E-380-M-S,C:\Users\alper\Desktop\CCDDA\dataset_qwen_selected\angry\103-4E-380-M-S.jpg,Angry,2,happy,0,1.0,0,10,0,0,0,10,10,10,10,0,0
103-4L-1129-M-S,C:\Users\alper\Desktop\CCDDA\dataset_qwen_selected\angry\103-4L-1129-M-S.jpg,Angry,2,sad,1,0.9,0,0,0,0,0,0,10,10,0,0,0
103-4L-974-M-S,C:\Users\alper\Desktop\CCDDA\dataset_qwen_selected\angry\103-4L-974-M-S.jpg,Angry,2,happy,0,0.9,0,8,2,1,0,8,7,6,5,2,3
103-4P-1485-M-S,C:\Users\alper\Desktop\CCDDA\dataset_qwen_selected\angry\103-4P-1485-M-S.jpg,Angry,2,sad,1,0.8,0,5,8,2,1,2,3,7,2,8,9
103-4P-468-F-S,C:\Users\alper\Desktop\CCDDA\dataset_qwen_selected\angry\103-4P-468-F-S.jpg,Angry,2,happy,0,1.0,0,10,0,0,0,10,0,10,10,0,0
103-4Q-513-F-S,C:\Users\alper\Desktop\CCDDA\dataset_qwen_selected\angry\103-4Q-513-F-S.jpg,Angry,2,happy,0,1.0,0,10,0,0,0,10,10,10,10,0,0
104-2B-383-F-S,C:\Users\alper\Desktop\CCDDA\dataset_qwen_selected\angry\104-2B-383-F-S.jpg,Angry,2,happy,0,1.0,0,10,0,0,0,10,10,10,10,0,0
104-2D-1253-F-S,C:\Users\alper\Desktop\CCDDA\dataset_qwen_selected\angry\104-2D-1253-F-S.jpg,Angry,2,happy,0,0.8,0,8,2,0,0,8,7,7,7,2,3
104-2G-444-F-S,C:\Users\alper\Desktop\CCDDA\dataset_qwen_selected\angry\104-2G-444-F-S.jpg,Angry,2,happy,0,0.9,0,8,2,0,0,8,5,7,8,2,3
104-2H-1213-M-S,C:\Users\alper\Desktop\CCDDA\dataset_qwen_selected\angry\104-2H-1213-M-S.jpg,Angry,2,happy,0,1.0,0,10,0,0,0,10,10,10,10,0,0
104-2H-1239-M-S,C:\Users\alper\Desktop\CCDDA\dataset_qwen_selected\angry\104-2H-1239-M-S.jpg,Angry,2,happy,0,0.9,0,8,2,0,0,0,0,10,10,0,0
104-2H-1733-M-S,C:\Users\alper\Desktop\CCDDA\dataset_qwen_selected\angry\104-2H-1733-M-S.jpg,Angry,2,happy,0,1.0,0,10,0,0,0,10,0,10,10,0,0
104-2H-428-M-S,C:\Users\alper\Desktop\CCDDA\dataset_qwen_selected\angry\104-2H-428-M-S.jpg,Angry,2,happy,0,1.0,0,10,0,0,0,10,0,10,10,0,0
104-3A-111-F-S,C:\Users\alper\Desktop\CCDDA\dataset_qwen_selected\angry\104-3A-111-F-S.jpg,Angry,2,happy,0,0.9,0,8,2,0,0,8,5,7,7,2,3
104-3A-171-F-S,C:\Users\alper\Desktop\CCDDA\dataset_qwen_selected\angry\104-3A-171-F-S.jpg,Angry,2,happy,0,1.0,0,10,0,0,0,10,0,10,10,0,0
104-3C-101-F-S,C:\Users\alper\Desktop\CCDDA\dataset_qwen_selected\angry\104-3C-101-F-S.jpg,Angry,2,happy,0,1.0,0,10,0,0,0,10,0,10,10,0,0
104-3C-1375-F-S,C:\Users\alper\Desktop\CCDDA\dataset_qwen_selected\angry\104-3C-1375-F-S.jpg,Angry,2,happy,0,0.8,0,8,2,0,0,8,5,7,7,2,3
104-3H-1645-F-S,C:\Users\alper\Desktop\CCDDA\dataset_qwen_selected\angry\104-3H-1645-F-S.jpg,Angry,2,happy,0,1.0,0,10,0,0,0,10,0,10,10,0,0
104-3L-1555-M-S,C:\Users\alper\Desktop\CCDDA\dataset_qwen_selected\angry\104-3L-1555-M-S.jpg,Angry,2,happy,0,1.0,0,10,0,0,0,10,10,10,10,0,0
104-4B-140-M-S,C:\Users\alper\Desktop\CCDDA\dataset_qwen_selected\angry\104-4B-140-M-S.jpg,Angry,2,happy,0,1.0,0,10,0,0,0,10,10,10,10,0,0
104-4B-207-F-S,C:\Users\alper\Desktop\CCDDA\dataset_qwen_selected\angry\104-4B-207-F-S.jpg,Angry,2,happy,0,1.0,0,10,0,0,0,10,10,10,10,0,0
104-4B-285-M-H,C:\Users\alper\Desktop\CCDDA\dataset_qwen_selected\angry\104-4B-285-M-H.jpg,Angry,2,happy,0,1.0,0,10,0,0,0,10,10,10,10,0,0
104-4B-834-F-S,C:\Users\alper\Desktop\CCDDA\dataset_qwen_selected\angry\104-4B-834-F-S.jpg,Angry,2,happy,0,1.0,0,10,0,0,0,10,10,10,10,0,0
104-4B-969-F-S,C:\Users\alper\Desktop\CCDDA\dataset_qwen_selected\angry\104-4B-969-F-S.jpg,Angry,2,happy,0,1.0,0,10,0,0,0,10,0,10,10,0,0
104-4C-27-F-S,C:\Users\alper\Desktop\CCDDA\dataset_qwen_selected\angry\104-4C-27-F-S.jpg,Angry,2,happy,0,1.0,0,10,0,0,0,10,0,10,10,0,0
104-4C-4-F-S,C:\Users\alper\Desktop\CCDDA\dataset_qwen_selected\angry\104-4C-4-F-S.jpg,Angry,2,happy,0,0.9,0,8,2,1,0,8,5,7,8,2,3
104-4C-9-F-S,C:\Users\alper\Desktop\CCDDA\dataset_qwen_selected\angry\104-4C-9-F-S.jpg,Angry,2,sad,1,0.9,0,0,10,0,0,0,0,0,0,0,0
104-4Z-763-F-S,C:\Users\alper\Desktop\CCDDA\dataset_qwen_selected\angry\104-4Z-763-F-S.jpg,Angry,2,happy,0,1.0,0,10,0,0,0,10,10,10,10,0,0
105-1C-503-M-S,C:\Users\alper\Desktop\CCDDA\dataset_qwen_selected\angry\105-1C-503-M-S.jpg,Angry,2,happy,0,0.8,0,8,2,0,0,8,5,7,7,2,3
105-1E-4-M-S,C:\Users\alper\Desktop\CCDDA\dataset_qwen_selected\angry\105-1E-4-M-S.jpg,Angry,2,happy,0,1.0,0,10,0,0,0,10,0,10,10,0,0
105-1E-790-M-S,C:\Users\alper\Desktop\CCDDA\dataset_qwen_selected\angry\105-1E-790-M-S.jpg,Angry,2,happy,0,1.0,0,10,0,0,0,10,10,10,10,0,0
105-1E-808-M-S,C:\Users\alper\Desktop\CCDDA\dataset_qwen_selected\angry\105-1E-808-M-S.jpg,Angry,2,happy,0,1.0,0,10,0,0,0,10,0,10,10,0,0
105-1E-821-M-S,C:\Users\alper\Desktop\CCDDA\dataset_qwen_selected\angry\105-1E-821-M-S.jpg,Angry,2,happy,0,0.8,0,8,2,0,0,6,5,7,7,3,4
105-1Z-100-F-S,C:\Users\alper\Desktop\CCDDA\dataset_qwen_selected\angry\105-1Z-100-F-S.jpg,Angry,2,happy,0,1.0,0,10,0,0,0,10,10,10,10,0,0
105-1Z-1042-M-S,C:\Users\alper\Desktop\CCDDA\dataset_qwen_selected\angry\105-1Z-1042-M-S.jpg,Angry,2,happy,0,0.8,0,5,0,0,0,5,5,5,5,0,0
105-2A-295-F-S,C:\Users\alper\Desktop\CCDDA\dataset_qwen_selected\angry\105-2A-295-F-S.jpg,Angry,2,sad,1,0.9,0,0,10,0,0,0,0,0,0,10,10
105-2A-62-F-S,C:\Users\alper\Desktop\CCDDA\dataset_qwen_selected\angry\105-2A-62-F-S.jpg,Angry,2,happy,0,1.0,0,10,0,0,0,10,10,10,10,0,0
105-2A-77-M-S,C:\Users\alper\Desktop\CCDDA\dataset_qwen_selected\angry\105-2A-77-M-S.jpg,Angry,2,sad,1,0.9,0,0,10,0,0,10,0,10,0,0,0
105-2D-1065-M-S,C:\Users\alper\Desktop\CCDDA\dataset_qwen_selected\angry\105-2D-1065-M-S.jpg,Angry,2,happy,0,0.8,0,5,2,1,0,7,3,6,7,1,2
105-2D-1119-F-S,C:\Users\alper\Desktop\CCDDA\dataset_qwen_selected\angry\105-2D-1119-F-S.jpg,Angry,2,happy,0,1.0,0,10,0,0,0,10,10,10,10,0,0
105-4A-1070-M-S,C:\Users\alper\Desktop\CCDDA\dataset_qwen_selected\angry\105-4A-1070-M-S.jpg,Angry,2,happy,0,1.0,0,10,0,0,0,10,0,10,10,0,0
105-4A-50-F-S,C:\Users\alper\Desktop\CCDDA\dataset_qwen_selected\angry\105-4A-50-F-S.jpg,Angry,2,happy,0,1.0,0,10,0,0,0,10,10,10,10,0,0
105-4D-71-M-S,C:\Users\alper\Desktop\CCDDA\dataset_qwen_selected\angry\105-4D-71-M-S.jpg,Angry,2,happy,0,1.0,0,10,0,0,0,10,0,10,10,0,0
105-4E-123-M-S,C:\Users\alper\Desktop\CCDDA\dataset_qwen_selected\angry\105-4E-123-M-S.jpg,Angry,2,happy,0,1.0,0,10,0,0,0,10,0,10,10,0,0
105-4F-644-F-S,C:\Users\alper\Desktop\CCDDA\dataset_qwen_selected\angry\105-4F-644-F-S.jpg,Angry,2,happy,0,1.0,0,10,0,0,0,10,10,10,10,0,0
106-3A-136-F-S,C:\Users\alper\Desktop\CCDDA\dataset_qwen_selected\angry\106-3A-136-F-S.jpg,Angry,2,sad,1,0.9,0,0,10,0,0,0,0,0,0,0,10
106-3A-275-F-S,C:\Users\alper\Desktop\CCDDA\dataset_qwen_selected\angry\106-3A-275-F-S.jpg,Angry,2,happy,0,1.0,0,10,0,0,0,10,0,10,10,0,0
106-3B-1752-F-S,C:\Users\alper\Desktop\CCDDA\dataset_qwen_selected\angry\106-3B-1752-F-S.jpg,Angry,2,happy,0,0.8,0,8,2,0,0,8,6,7,7,2,3
106-3B-908-F-S,C:\Users\alper\Desktop\CCDDA\dataset_qwen_selected\angry\106-3B-908-F-S.jpg,Angry,2,happy,0,0.8,0,8,2,1,0,8,7,6,7,2,3
106-3C-560-F-H,C:\Users\alper\Desktop\CCDDA\dataset_qwen_selected\angry\106-3C-560-F-H.jpg,Angry,2,happy,0,1.0,0,10,0,0,0,10,10,10,10,0,0
106-3D-1008-M-S,C:\Users\alper\Desktop\CCDDA\dataset_qwen_selected\angry\106-3D-1008-M-S.jpg,Angry,2,happy,0,1.0,0,10,0,0,0,10,0,10,10,0,0
106-3D-298-F-S,C:\Users\alper\Desktop\CCDDA\dataset_qwen_selected\angry\106-3D-298-F-S.jpg,Angry,2,happy,0,1.0,0,10,0,0,0,10,0,10,10,0,0
106-3D-822-F-S,C:\Users\alper\Desktop\CCDDA\dataset_qwen_selected\angry\106-3D-822-F-S.jpg,Angry,2,happy,0,1.0,0,10,0,0,0,10,0,10,10,0,0
106-3D-865-F-S,C:\Users\alper\Desktop\CCDDA\dataset_qwen_selected\angry\106-3D-865-F-S.jpg,Angry,2,sad,1,0.8,0,5,0,0,0,0,0,0,0,0,0
106-3E-168-M-S,C:\Users\alper\Desktop\CCDDA\dataset_qwen_selected\angry\106-3E-168-M-S.jpg,Angry,2,happy,0,1.0,0,10,0,0,0,10,0,10,10,0,0
106-3F-218-F-S,C:\Users\alper\Desktop\CCDDA\dataset_qwen_selected\angry\106-3F-218-F-S.jpg,Angry,2,happy,0,1.0,0,10,0,0,0,10,10,10,10,0,0
106-3F-500-M-S,C:\Users\alper\Desktop\CCDDA\dataset_qwen_selected\angry\106-3F-500-M-S.jpg,Angry,2,happy,0,1.0,0,10,0,0,0,10,0,10,10,0,0
106-3G-409-M-S,C:\Users\alper\Desktop\CCDDA\dataset_qwen_selected\angry\106-3G-409-M-S.jpg,Angry,2,happy,0,1.0,0,10,0,0,0,10,10,10,10,0,0
106-3H-314-F-S,C:\Users\alper\Desktop\CCDDA\dataset_qwen_selected\angry\106-3H-314-F-S.jpg,Angry,2,happy,0,1.0,0,10,0,0,0,10,0,10,10,0,0
106-4B-226-F-S,C:\Users\alper\Desktop\CCDDA\dataset_qwen_selected\angry\106-4B-226-F-S.jpg,Angry,2,happy,0,1.0,0,10,0,0,0,10,0,10,10,0,0
106-4B-605-M-S,C:\Users\alper\Desktop\CCDDA\dataset_qwen_selected\angry\106-4B-605-M-S.jpg,Angry,2,happy,0,0.8,0,8,2,0,0,8,6,7,7,2,8
106-4B-961-F-S,C:\Users\alper\Desktop\CCDDA\dataset_qwen_selected\angry\106-4B-961-F-S.jpg,Angry,2,happy,0,0.8,0,8,2,0,0,7,5,6,7,3,4
106-4C-516-M-S,C:\Users\alper\Desktop\CCDDA\dataset_qwen_selected\angry\106-4C-516-M-S.jpg,Angry,2,happy,0,1.0,0,10,0,0,0,10,0,10,10,0,0
106-4F-898-F-S,C:\Users\alper\Desktop\CCDDA\dataset_qwen_selected\angry\106-4F-898-F-S.jpg,Angry,2,happy,0,1.0,0,10,0,0,0,10,10,10,10,0,0
107-2D-402-M-S,C:\Users\alper\Desktop\CCDDA\dataset_qwen_selected\angry\107-2D-402-M-S.jpg,Angry,2,happy,0,1.0,0,10,0,0,0,10,10,10,10,0,0
107-2F-204-F-S,C:\Users\alper\Desktop\CCDDA\dataset_qwen_selected\angry\107-2F-204-F-S.jpg,Angry,2,happy,0,0.8,0,8,2,0,0,8,7,6,7,2,3
107-3F-128-F-S,C:\Users\alper\Desktop\CCDDA\dataset_qwen_selected\angry\107-3F-128-F-S.jpg,Angry,2,happy,0,0.8,0,8,2,0,0,7,6,7,7,2,5
107-3F-542-M-S,C:\Users\alper\Desktop\CCDDA\dataset_qwen_selected\angry\107-3F-542-M-S.jpg,Angry,2,happy,0,0.8,0,8,2,0,0,8,5,7,7,2,3
107-3F-952-F-S,C:\Users\alper\Desktop\CCDDA\dataset_qwen_selected\angry\107-3F-952-F-S.jpg,Angry,2,happy,0,1.0,0,10,0,0,0,10,0,10,10,0,0
107-4A-1114-M-S,C:\Users\alper\Desktop\CCDDA\dataset_qwen_selected\angry\107-4A-1114-M-S.jpg,Angry,2,happy,0,1.0,0,10,0,0,0,10,0,10,10,0,0
107-4A-929-M-S,C:\Users\alper\Desktop\CCDDA\dataset_qwen_selected\angry\107-4A-929-M-S.jpg,Angry,2,happy,0,1.0,0,10,0,0,0,10,0,10,10,0,0
107-4D-1625-F-S,C:\Users\alper\Desktop\CCDDA\dataset_qwen_selected\angry\107-4D-1625-F-S.jpg,Angry,2,happy,0,1.0,0,10,0,0,0,10,10,10,10,0,0
108-3B-477-M-S,C:\Users\alper\Desktop\CCDDA\dataset_qwen_selected\angry\108-3B-477-M-S.jpg,Angry,2,happy,0,0.9,0,8,2,0,0,8,5,7,7,0,3
108-3G-290-F-S,C:\Users\alper\Desktop\CCDDA\dataset_qwen_selected\angry\108-3G-290-F-S.jpg,Angry,2,happy,0,1.0,0,10,0,0,0,10,0,10,10,0,0
108-3H-1319-M-S,C:\Users\alper\Desktop\CCDDA\dataset_qwen_selected\angry\108-3H-1319-M-S.jpg,Angry,2,happy,0,0.8,0,8,2,0,0,8,5,7,7,2,3
108-3H-1714-M-S,C:\Users\alper\Desktop\CCDDA\dataset_qwen_selected\angry\108-3H-1714-M-S.jpg,Angry,2,happy,0,1.0,0,10,0,0,0,10,0,10,10,0,0
108-3H-2087-F-S,C:\Users\alper\Desktop\CCDDA\dataset_qwen_selected\angry\108-3H-2087-F-S.jpg,Angry,2,sad,1,0.9,0,0,10,0,0,0,0,0,0,0,0
108-3H-2150-F-S,C:\Users\alper\Desktop\CCDDA\dataset_qwen_selected\angry\108-3H-2150-F-S.jpg,Angry,2,happy,0,1.0,0,10,0,0,0,10,10,10,10,0,0
108-3M-2057-F-S,C:\Users\alper\Desktop\CCDDA\dataset_qwen_selected\angry\108-3M-2057-F-S.jpg,Angry,2,happy,0,1.0,0,10,0,0,0,10,0,10,10,0,0
108-4A-1572-F-S,C:\Users\alper\Desktop\CCDDA\dataset_qwen_selected\angry\108-4A-1572-F-S.jpg,Angry,2,happy,0,0.8,0,8,2,0,0,8,5,7,6,2,3
108-4C-232-M-S,C:\Users\alper\Desktop\CCDDA\dataset_qwen_selected\angry\108-4C-232-M-S.jpg,Angry,2,happy,0,1.0,0,10,0,0,0,10,0,10,10,0,0
109-3C-2704-F-S,C:\Users\alper\Desktop\CCDDA\dataset_qwen_selected\angry\109-3C-2704-F-S.jpg,Angry,2,happy,0,1.0,0,10,0,0,0,10,0,10,10,0,0
109-3N-2417-M-S,C:\Users\alper\Desktop\CCDDA\dataset_qwen_selected\angry\109-3N-2417-M-S.jpg,Angry,2,happy,0,0.9,0,8,2,0,0,8,5,7,7,2,3
109-4J-2460-F-S,C:\Users\alper\Desktop\CCDDA\dataset_qwen_selected\angry\109-4J-2460-F-S.jpg,Angry,2,happy,0,1.0,0,10,0,0,0,10,0,10,10,0,0
109-4Q-2428-M-S,C:\Users\alper\Desktop\CCDDA\dataset_qwen_selected\angry\109-4Q-2428-M-S.jpg,Angry,2,happy,0,1.0,0,10,0,0,0,10,0,10,10,0,0
110-3A-1374-F-S,C:\Users\alper\Desktop\CCDDA\dataset_qwen_selected\angry\110-3A-1374-F-S.jpg,Angry,2,sad,1,0.9,0,0,10,0,0,0,0,0,0,0,10
110-3A-687-F-S,C:\Users\alper\Desktop\CCDDA\dataset_qwen_selected\angry\110-3A-687-F-S.jpg,Angry,2,sad,1,0.9,0,0,10,0,0,10,0,10,0,0,0
110-3I-982-M-S,C:\Users\alper\Desktop\CCDDA\dataset_qwen_selected\angry\110-3I-982-M-S.jpg,Angry,2,sad,1,0.8,0,5,0,0,0,0,0,0,0,0,0
110-3J-1099-M-S,C:\Users\alper\Desktop\CCDDA\dataset_qwen_selected\angry\110-3J-1099-M-S.jpg,Angry,2,happy,0,1.0,0,10,0,0,0,10,0,10,10,0,0
110-3J-1120-F-S,C:\Users\alper\Desktop\CCDDA\dataset_qwen_selected\angry\110-3J-1120-F-S.jpg,Angry,2,happy,0,0.8,0,8,2,0,0,8,5,7,7,2,3
110-3J-1390-F-S,C:\Users\alper\Desktop\CCDDA\dataset_qwen_selected\angry\110-3J-1390-F-S.jpg,Angry,2,sad,1,0.9,0,0,10,0,0,10,0,10,0,0,0
110-3J-1418-F-S,C:\Users\alper\Desktop\CCDDA\dataset_qwen_selected\angry\110-3J-1418-F-S.jpg,Angry,2,sad,1,0.8,0,5,5,0,0,7,6,7,7,0,0
110-3J-1435-F-S,C:\Users\alper\Desktop\CCDDA\dataset_qwen_selected\angry\110-3J-1435-F-S.jpg,Angry,2,happy,0,1.0,0,10,0,0,0,10,0,10,10,0,0
110-3Z-451-F-S,C:\Users\alper\Desktop\CCDDA\dataset_qwen_selected\angry\110-3Z-451-F-S.jpg,Angry,2,happy,0,0.9,0,8,2,0,0,0,0,0,10,0,0
110-4G-553-F-S,C:\Users\alper\Desktop\CCDDA\dataset_qwen_selected\angry\110-4G-553-F-S.jpg,Angry,2,happy,0,1.0,0,10,0,0,0,10,10,10,10,0,0
110-4H-112-M-S,C:\Users\alper\Desktop\CCDDA\dataset_qwen_selected\angry\110-4H-112-M-S.jpg,Angry,2,sad,1,0.9,0,0,10,0,0,0,0,0,0,10,10
110-4H-331-F-S,C:\Users\alper\Desktop\CCDDA\dataset_qwen_selected\angry\110-4H-331-F-S.jpg,Angry,2,sad,1,0.9,0,0,10,0,0,0,0,0,0,10,10
110-4Y-1169-F-S,C:\Users\alper\Desktop\CCDDA\dataset_qwen_selected\angry\110-4Y-1169-F-S.jpg,Angry,2,happy,0,1.0,0,10,0,0,0,10,10,10,10,0,0
110-4Y-1388-M-S,C:\Users\alper\Desktop\CCDDA\dataset_qwen_selected\angry\110-4Y-1388-M-S.jpg,Angry,2,happy,0,1.0,0,10,0,0,0,10,0,10,10,0,0
110-4Y-1397-F-S,C:\Users\alper\Desktop\CCDDA\dataset_qwen_selected\angry\110-4Y-1397-F-S.jpg,Angry,2,happy,0,0.8,0,8,2,0,0,8,7,6,5,3,8
110-4Y-1398-F-S,C:\Users\alper\Desktop\CCDDA\dataset_qwen_selected\angry\110-4Y-1398-F-S.jpg,Angry,2,happy,0,1.0,0,10,0,0,0,10,10,10,10,0,0
110-4Y-1411-F-S,C:\Users\alper\Desktop\CCDDA\dataset_qwen_selected\angry\110-4Y-1411-F-S.jpg,Angry,2,happy,0,1.0,0,10,0,0,0,10,10,10,10,0,0
110-4Y-438-F-S,C:\Users\alper\Desktop\CCDDA\dataset_qwen_selected\angry\110-4Y-438-F-S.jpg,Angry,2,happy,0,1.0,0,10,0,0,0,10,0,10,10,0,0
110-4Y-99-F-S,C:\Users\alper\Desktop\CCDDA\dataset_qwen_selected\angry\110-4Y-99-F-S.jpg,Angry,2,happy,0,1.0,0,10,0,0,0,10,0,10,10,0,0
110-4Z-193-F-S,C:\Users\alper\Desktop\CCDDA\dataset_qwen_selected\angry\110-4Z-193-F-S.jpg,Angry,2,happy,0,1.0,0,10,0,0,0,10,0,10,10,0,0
110-4Z-735-F-S,C:\Users\alper\Desktop\CCDDA\dataset_qwen_selected\angry\110-4Z-735-F-S.jpg,Angry,2,happy,0,0.9,0,10,0,0,0,10,5,8,8,0,0
110-4Z-970-F-S,C:\Users\alper\Desktop\CCDDA\dataset_qwen_selected\angry\110-4Z-970-F-S.jpg,Angry,2,happy,0,0.9,0,8,2,0,0,8,5,7,7,0,0
112-3B-745-F-S,C:\Users\alper\Desktop\CCDDA\dataset_qwen_selected\angry\112-3B-745-F-S.jpg,Angry,2,sad,1,0.9,0,10,10,0,0,10,10,10,10,0,0
112-3C-488-F-S,C:\Users\alper\Desktop\CCDDA\dataset_qwen_selected\angry\112-3C-488-F-S.jpg,Angry,2,happy,0,1.0,0,10,0,0,0,10,0,10,10,0,0
112-3C-615-M-S,C:\Users\alper\Desktop\CCDDA\dataset_qwen_selected\angry\112-3C-615-M-S.jpg,Angry,2,happy,0,1.0,0,10,0,0,0,10,0,10,10,0,0
112-3C-683-M-S,C:\Users\alper\Desktop\CCDDA\dataset_qwen_selected\angry\112-3C-683-M-S.jpg,Angry,2,happy,0,1.0,0,10,0,0,0,10,10,10,10,0,0
112-3C-697-F-S,C:\Users\alper\Desktop\CCDDA\dataset_qwen_selected\angry\112-3C-697-F-S.jpg,Angry,2,happy,0,0.8,0,8,2,0,0,8,5,7,7,2,3
112-3D-733-M-S,C:\Users\alper\Desktop\CCDDA\dataset_qwen_selected\angry\112-3D-733-M-S.jpg,Angry,2,happy,0,0.8,0,8,2,0,0,6,5,7,7,3,4
112-3D-802-F-S,C:\Users\alper\Desktop\CCDDA\dataset_qwen_selected\angry\112-3D-802-F-S.jpg,Angry,2,happy,0,1.0,0,10,0,0,0,10,10,10,10,0,0
112-3D-834-M-S,C:\Users\alper\Desktop\CCDDA\dataset_qwen_selected\angry\112-3D-834-M-S.jpg,Angry,2,happy,0,0.9,0,8,2,0,0,8,5,7,7,2,3
112-3E-684-M-S,C:\Users\alper\Desktop\CCDDA\dataset_qwen_selected\angry\112-3E-684-M-S.jpg,Angry,2,happy,0,1.0,0,10,0,0,0,10,0,10,10,0,0
112-3E-958-F-S,C:\Users\alper\Desktop\CCDDA\dataset_qwen_selected\angry\112-3E-958-F-S.jpg,Angry,2,happy,0,0.9,0,8,2,1,1,8,6,7,7,2,3
112-3F-130-F-S,C:\Users\alper\Desktop\CCDDA\dataset_qwen_selected\angry\112-3F-130-F-S.jpg,Angry,2,sad,1,0.8,0,5,5,0,0,5,5,5,5,0,0
112-3F-48-F-S,C:\Users\alper\Desktop\CCDDA\dataset_qwen_selected\angry\112-3F-48-F-S.jpg,Angry,2,happy,0,1.0,0,10,0,0,0,10,10,10,10,0,0
112-3F-58-M-S,C:\Users\alper\Desktop\CCDDA\dataset_qwen_selected\angry\112-3F-58-M-S.jpg,Angry,2,sad,1,0.0,0,0,0,0,0,0,0,0,0,0,0
112-3F-713-F-S,C:\Users\alper\Desktop\CCDDA\dataset_qwen_selected\angry\112-3F-713-F-S.jpg,Angry,2,happy,0,1.0,0,10,0,0,0,10,0,10,10,0,0
112-4C-331-F-S,C:\Users\alper\Desktop\CCDDA\dataset_qwen_selected\angry\112-4C-331-F-S.jpg,Angry,2,happy,0,1.0,0,10,0,0,0,10,0,10,10,0,0
112-4C-541-M-S,C:\Users\alper\Desktop\CCDDA\dataset_qwen_selected\angry\112-4C-541-M-S.jpg,Angry,2,sad,1,0.8,0,8,2,0,0,0,0,0,0,0,0
112-4D-1442-M-S,C:\Users\alper\Desktop\CCDDA\dataset_qwen_selected\angry\112-4D-1442-M-S.jpg,Angry,2,happy,0,1.0,0,10,0,0,0,10,10,10,10,0,0
120-3B-1435-M-S,C:\Users\alper\Desktop\CCDDA\dataset_qwen_selected\angry\120-3B-1435-M-S.jpg,Angry,2,happy,0,1.0,0,10,0,0,0,10,0,10,10,0,0
120-3C-3083-F-S,C:\Users\alper\Desktop\CCDDA\dataset_qwen_selected\angry\120-3C-3083-F-S.jpg,Angry,2,sad,1,0.9,0,0,10,0,0,0,0,0,0,10,10
120-4B-1653-M-S,C:\Users\alper\Desktop\CCDDA\dataset_qwen_selected\angry\120-4B-1653-M-S.jpg,Angry,2,sad,1,0.9,0,0,10,0,0,0,0,0,0,10,10
120-4B-861-F-S,C:\Users\alper\Desktop\CCDDA\dataset_qwen_selected\angry\120-4B-861-F-S.jpg,Angry,2,sad,1,0.9,0,0,10,0,0,0,0,0,0,10,10
120-4C-1238-M-S,C:\Users\alper\Desktop\CCDDA\dataset_qwen_selected\angry\120-4C-1238-M-S.jpg,Angry,2,happy,0,1.0,0,10,0,0,0,10,10,10,10,0,0
120-4C-767-M-S,C:\Users\alper\Desktop\CCDDA\dataset_qwen_selected\angry\120-4C-767-M-S.jpg,Angry,2,happy,0,0.8,0,5,3,2,1,3,3,5,3,1,3
140-3B-36-F-S,C:\Users\alper\Desktop\CCDDA\dataset_qwen_selected\angry\140-3B-36-F-S.jpg,Angry,2,happy,0,0.8,0,8,2,0,0,8,5,7,7,2,3
140-3B-445-F-S,C:\Users\alper\Desktop\CCDDA\dataset_qwen_selected\angry\140-3B-445-F-S.jpg,Angry,2,angry,2,0.8,1,5,3,7,2,7,6,7,6,2,3
199-4A-1114-M-S,C:\Users\alper\Desktop\CCDDA\dataset_qwen_selected\angry\199-4A-1114-M-S.jpg,Angry,2,happy,0,1.0,0,10,0,0,0,10,0,10,10,0,0
199-4A-1417-F-S,C:\Users\alper\Desktop\CCDDA\dataset_qwen_selected\angry\199-4A-1417-F-S.jpg,Angry,2,happy,0,1.0,0,10,0,0,0,10,0,10,10,0,0
199-4A-1471-M-S,C:\Users\alper\Desktop\CCDDA\dataset_qwen_selected\angry\199-4A-1471-M-S.jpg,Angry,2,sad,1,0.9,0,0,10,0,0,0,10,0,0,10,10
199-4A-38-M-S,C:\Users\alper\Desktop\CCDDA\dataset_qwen_selected\angry\199-4A-38-M-S.jpg,Angry,2,happy,0,0.8,0,8,2,1,0,8,5,7,7,2,3
199-4A-619-M-S,C:\Users\alper\Desktop\CCDDA\dataset_qwen_selected\angry\199-4A-619-M-S.jpg,Angry,2,angry,2,0.9,1,0,0,10,0,0,10,10,0,0,10
199-4A-94-M-S,C:\Users\alper\Desktop\CCDDA\dataset_qwen_selected\angry\199-4A-94-M-S.jpg,Angry,2,happy,0,1.0,0,10,0,0,0,10,0,10,10,0,0
201-7D-288-F-S,C:\Users\alper\Desktop\CCDDA\dataset_qwen_selected\angry\201-7D-288-F-S.jpg,Angry,2,happy,0,1.0,0,10,0,0,0,10,0,10,10,0,0
203-5H-98-F-S,C:\Users\alper\Desktop\CCDDA\dataset_qwen_selected\angry\203-5H-98-F-S.jpg,Angry,2,happy,0,1.0,0,10,0,0,0,10,0,10,10,0,0
203-6C-1477-F-S,C:\Users\alper\Desktop\CCDDA\dataset_qwen_selected\angry\203-6C-1477-F-S.jpg,Angry,2,happy,0,0.8,0,5,2,3,1,7,6,7,6,3,4
203-7G-1744-F-S,C:\Users\alper\Desktop\CCDDA\dataset_qwen_selected\angry\203-7G-1744-F-S.jpg,Angry,2,happy,0,0.9,0,8,2,0,0,8,5,7,7,0,0
204-7A-733-F-S,C:\Users\alper\Desktop\CCDDA\dataset_qwen_selected\angry\204-7A-733-F-S.jpg,Angry,2,happy,0,1.0,0,10,0,0,0,10,0,10,10,0,0
204-7A-809-M-S,C:\Users\alper\Desktop\CCDDA\dataset_qwen_selected\angry\204-7A-809-M-S.jpg,Angry,2,angry,2,0.9,1,0,0,10,0,0,10,10,0,10,10
205-5G-1311-F-S,C:\Users\alper\Desktop\CCDDA\dataset_qwen_selected\angry\205-5G-1311-F-S.jpg,Angry,2,sad,1,0.9,0,0,10,0,0,0,0,0,0,10,10
205-5Q-1389-F-S,C:\Users\alper\Desktop\CCDDA\dataset_qwen_selected\angry\205-5Q-1389-F-S.jpg,Angry,2,sad,1,0.9,0,0,10,0,0,0,0,10,0,0,0
205-5Q-741-F-S,C:\Users\alper\Desktop\CCDDA\dataset_qwen_selected\angry\205-5Q-741-F-S.jpg,Angry,2,happy,0,1.0,0,10,0,0,0,10,0,10,10,0,0
205-6D-518-F-S,C:\Users\alper\Desktop\CCDDA\dataset_qwen_selected\angry\205-6D-518-F-S.jpg,Angry,2,happy,0,1.0,0,10,0,0,0,10,0,10,10,0,0
205-6E-646-F-S,C:\Users\alper\Desktop\CCDDA\dataset_qwen_selected\angry\205-6E-646-F-S.jpg,Angry,2,happy,0,1.0,0,10,0,0,0,10,0,10,10,0,0
205-6G-4133-M-S,C:\Users\alper\Desktop\CCDDA\dataset_qwen_selected\angry\205-6G-4133-M-S.jpg,Angry,2,happy,0,1.0,0,10,0,0,0,10,0,10,10,0,0
205-7C-4088-F-S,C:\Users\alper\Desktop\CCDDA\dataset_qwen_selected\angry\205-7C-4088-F-S.jpg,Angry,2,happy,0,0.8,0,5,2,3,1,7,6,7,6,2,3
205-7D-515-F-S,C:\Users\alper\Desktop\CCDDA\dataset_qwen_selected\angry\205-7D-515-F-S.jpg,Angry,2,happy,0,1.0,0,10,0,0,0,10,0,10,10,0,0
205-8B-229-F-S,C:\Users\alper\Desktop\CCDDA\dataset_qwen_selected\angry\205-8B-229-F-S.jpg,Angry,2,happy,0,1.0,0,10,0,0,0,10,10,10,10,0,0
205-8B-287-F-S,C:\Users\alper\Desktop\CCDDA\dataset_qwen_selected\angry\205-8B-287-F-S.jpg,Angry,2,sad,1,0.0,0,0,0,0,0,0,0,0,0,0,0
205-8F-858-M-S,C:\Users\alper\Desktop\CCDDA\dataset_qwen_selected\angry\205-8F-858-M-S.jpg,Angry,2,happy,0,1.0,0,10,0,0,0,10,0,10,10,0,0
206-5B-882-F-S,C:\Users\alper\Desktop\CCDDA\dataset_qwen_selected\angry\206-5B-882-F-S.jpg,Angry,2,happy,0,0.9,0,10,0,0,0,10,5,8,8,0,0
206-5B-951-F-S,C:\Users\alper\Desktop\CCDDA\dataset_qwen_selected\angry\206-5B-951-F-S.jpg,Angry,2,sad,1,0.8,0,5,8,2,1,7,6,7,7,3,4
206-5C-627-F-S,C:\Users\alper\Desktop\CCDDA\dataset_qwen_selected\angry\206-5C-627-F-S.jpg,Angry,2,happy,0,1.0,0,10,0,0,0,10,0,10,10,0,0
206-5D-179-F-S,C:\Users\alper\Desktop\CCDDA\dataset_qwen_selected\angry\206-5D-179-F-S.jpg,Angry,2,happy,0,1.0,0,10,0,0,0,10,10,10,10,0,0
206-5D-424-F-S,C:\Users\alper\Desktop\CCDDA\dataset_qwen_selected\angry\206-5D-424-F-S.jpg,Angry,2,sad,1,0.7,0,3,2,1,0,1,2,2,1,0,3
206-5D-503-M-S,C:\Users\alper\Desktop\CCDDA\dataset_qwen_selected\angry\206-5D-503-M-S.jpg,Angry,2,happy,0,0.8,0,5,2,1,0,3,3,5,4,1,2
206-5E-913-M-S,C:\Users\alper\Desktop\CCDDA\dataset_qwen_selected\angry\206-5E-913-M-S.jpg,Angry,2,happy,0,1.0,0,10,0,0,0,10,10,10,10,0,0
206-6E-158-F-S,C:\Users\alper\Desktop\CCDDA\dataset_qwen_selected\angry\206-6E-158-F-S.jpg,Angry,2,happy,0,1.0,0,10,0,0,0,10,0,10,10,0,0
206-6E-484-M-S,C:\Users\alper\Desktop\CCDDA\dataset_qwen_selected\angry\206-6E-484-M-S.jpg,Angry,2,happy,0,1.0,0,10,0,0,0,10,0,10,10,0,0
206-6Z-223-F-S,C:\Users\alper\Desktop\CCDDA\dataset_qwen_selected\angry\206-6Z-223-F-S.jpg,Angry,2,angry,2,0.9,1,5,0,8,0,8,8,8,8,0,0
206-6Z-894-M-S,C:\Users\alper\Desktop\CCDDA\dataset_qwen_selected\angry\206-6Z-894-M-S.jpg,Angry,2,happy,0,1.0,0,10,0,0,0,10,10,10,10,0,0
207-5B-637-F-S,C:\Users\alper\Desktop\CCDDA\dataset_qwen_selected\angry\207-5B-637-F-S.jpg,Angry,2,sad,1,0.9,0,0,10,0,0,0,0,0,0,0,10
207-5C-454-M-S,C:\Users\alper\Desktop\CCDDA\dataset_qwen_selected\angry\207-5C-454-M-S.jpg,Angry,2,happy,0,0.8,0,8,2,1,1,8,5,7,7,2,3
207-5C-456-F-S,C:\Users\alper\Desktop\CCDDA\dataset_qwen_selected\angry\207-5C-456-F-S.jpg,Angry,2,happy,0,1.0,0,10,0,0,0,10,10,10,10,0,0
207-5C-927-F-S,C:\Users\alper\Desktop\CCDDA\dataset_qwen_selected\angry\207-5C-927-F-S.jpg,Angry,2,sad,1,0.9,0,0,10,0,0,0,0,0,0,0,10
207-6A-17-F-S,C:\Users\alper\Desktop\CCDDA\dataset_qwen_selected\angry\207-6A-17-F-S.jpg,Angry,2,happy,0,1.0,0,10,0,0,0,10,0,10,10,0,0
207-6B-551-M-S,C:\Users\alper\Desktop\CCDDA\dataset_qwen_selected\angry\207-6B-551-M-S.jpg,Angry,2,sad,1,0.8,0,5,0,0,0,0,0,0,0,0,0
207-7D-931-F-S,C:\Users\alper\Desktop\CCDDA\dataset_qwen_selected\angry\207-7D-931-F-S.jpg,Angry,2,happy,0,0.9,0,8,2,0,0,8,7,8,8,2,3
207-7F-1171-M-S,C:\Users\alper\Desktop\CCDDA\dataset_qwen_selected\angry\207-7F-1171-M-S.jpg,Angry,2,happy,0,1.0,0,10,0,0,0,10,10,10,10,0,0
207-8C-388-F-S,C:\Users\alper\Desktop\CCDDA\dataset_qwen_selected\angry\207-8C-388-F-S.jpg,Angry,2,happy,0,0.9,0,8,2,1,1,8,5,7,7,2,3
207-8E-650-M-H,C:\Users\alper\Desktop\CCDDA\dataset_qwen_selected\angry\207-8E-650-M-H.jpg,Angry,2,happy,0,1.0,0,10,0,0,0,10,10,10,10,0,0
210-5B-422-F-S,C:\Users\alper\Desktop\CCDDA\dataset_qwen_selected\angry\210-5B-422-F-S.jpg,Angry,2,happy,0,0.8,0,5,2,1,0,3,2,4,3,1,2
211-5B-272-F-S,C:\Users\alper\Desktop\CCDDA\dataset_qwen_selected\angry\211-5B-272-F-S.jpg,Angry,2,happy,0,1.0,0,10,0,0,0,10,0,10,10,0,0
211-5C-497-M-S,C:\Users\alper\Desktop\CCDDA\dataset_qwen_selected\angry\211-5C-497-M-S.jpg,Angry,2,happy,0,0.8,0,8,2,1,1,7,6,7,7,2,3
211-6E-59-M-S,C:\Users\alper\Desktop\CCDDA\dataset_qwen_selected\angry\211-6E-59-M-S.jpg,Angry,2,happy,0,0.9,0,8,2,0,0,8,5,7,8,2,3
211-7B-296-M-S,C:\Users\alper\Desktop\CCDDA\dataset_qwen_selected\angry\211-7B-296-M-S.jpg,Angry,2,sad,1,0.0,0,0,0,0,0,0,10,0,0,0,0
211-7C-5142-F-S,C:\Users\alper\Desktop\CCDDA\dataset_qwen_selected\angry\211-7C-5142-F-S.jpg,Angry,2,happy,0,1.0,0,10,0,0,0,10,10,10,10,0,0
211-7C-5297-F-S,C:\Users\alper\Desktop\CCDDA\dataset_qwen_selected\angry\211-7C-5297-F-S.jpg,Angry,2,happy,0,1.0,0,10,0,0,0,10,10,10,10,0,0
211-7D-35-M-S,C:\Users\alper\Desktop\CCDDA\dataset_qwen_selected\angry\211-7D-35-M-S.jpg,Angry,2,happy,0,0.9,0,5,0,0,0,10,10,10,10,0,0
212-5E-724-M-S,C:\Users\alper\Desktop\CCDDA\dataset_qwen_selected\angry\212-5E-724-M-S.jpg,Angry,2,happy,0,1.0,0,10,0,0,0,10,10,10,10,0,0
212-6F-537-F-S,C:\Users\alper\Desktop\CCDDA\dataset_qwen_selected\angry\212-6F-537-F-S.jpg,Angry,2,happy,0,0.8,0,8,2,0,0,7,6,7,8,3,4
212-7A-136-M-S,C:\Users\alper\Desktop\CCDDA\dataset_qwen_selected\angry\212-7A-136-M-S.jpg,Angry,2,happy,0,1.0,0,10,0,0,0,10,0,10,10,0,0
212-7E-960-F-S,C:\Users\alper\Desktop\CCDDA\dataset_qwen_selected\angry\212-7E-960-F-S.jpg,Angry,2,happy,0,1.0,0,10,0,0,0,10,0,10,10,0,0
213-7A-648-M-S,C:\Users\alper\Desktop\CCDDA\dataset_qwen_selected\angry\213-7A-648-M-S.jpg,Angry,2,sad,1,0.0,0,0,0,0,0,0,0,0,0,0,0
213-7A-804-F-S,C:\Users\alper\Desktop\CCDDA\dataset_qwen_selected\angry\213-7A-804-F-S.jpg,Angry,2,sad,1,0.0,0,0,0,0,0,0,0,0,0,0,0
213-8A-282-M-S,C:\Users\alper\Desktop\CCDDA\dataset_qwen_selected\angry\213-8A-282-M-S.jpg,Angry,2,happy,0,1.0,0,10,0,0,0,10,10,10,10,0,0
213-8A-391-F-S,C:\Users\alper\Desktop\CCDDA\dataset_qwen_selected\angry\213-8A-391-F-S.jpg,Angry,2,happy,0,0.9,0,5,0,0,0,0,0,10,10,0,0
214-5B-1019-M-S,C:\Users\alper\Desktop\CCDDA\dataset_qwen_selected\angry\214-5B-1019-M-S.jpg,Angry,2,happy,0,0.8,0,8,2,1,1,7,6,7,7,3,5
214-5B-1176-M-S,C:\Users\alper\Desktop\CCDDA\dataset_qwen_selected\angry\214-5B-1176-M-S.jpg,Angry,2,happy,0,0.8,0,5,2,1,0,3,4,6,3,1,3
214-5E-1072-F-S,C:\Users\alper\Desktop\CCDDA\dataset_qwen_selected\angry\214-5E-1072-F-S.jpg,Angry,2,happy,0,1.0,0,10,0,0,0,10,0,10,10,0,0
214-5E-1495-F-S,C:\Users\alper\Desktop\CCDDA\dataset_qwen_selected\angry\214-5E-1495-F-S.jpg,Angry,2,happy,0,0.8,0,8,2,1,0,8,5,7,6,2,3
214-5E-2021-M-S,C:\Users\alper\Desktop\CCDDA\dataset_qwen_selected\angry\214-5E-2021-M-S.jpg,Angry,2,happy,0,0.8,0,8,2,0,0,7,5,6,8,3,4
214-5E-2087-F-S,C:\Users\alper\Desktop\CCDDA\dataset_qwen_selected\angry\214-5E-2087-F-S.jpg,Angry,2,happy,0,0.9,0,8,5,2,1,9,7,6,8,3,4
214-5F-1022-F-S,C:\Users\alper\Desktop\CCDDA\dataset_qwen_selected\angry\214-5F-1022-F-S.jpg,Angry,2,sad,1,0.0,0,0,0,0,0,0,0,0,0,0,0
214-5F-1033-F-S,C:\Users\alper\Desktop\CCDDA\dataset_qwen_selected\angry\214-5F-1033-F-S.jpg,Angry,2,happy,0,1.0,0,10,0,0,0,10,0,10,10,0,0
214-5H-1979-F-S,C:\Users\alper\Desktop\CCDDA\dataset_qwen_selected\angry\214-5H-1979-F-S.jpg,Angry,2,happy,0,1.0,0,10,0,0,0,10,0,10,10,0,0
214-5H-795-F-S,C:\Users\alper\Desktop\CCDDA\dataset_qwen_selected\angry\214-5H-795-F-S.jpg,Angry,2,happy,0,1.0,0,10,0,0,0,10,0,10,10,0,0
214-5L-1349-M-S,C:\Users\alper\Desktop\CCDDA\dataset_qwen_selected\angry\214-5L-1349-M-S.jpg,Angry,2,happy,0,1.0,0,10,0,0,0,10,0,10,10,0,0
214-5O-1014-M-S,C:\Users\alper\Desktop\CCDDA\dataset_qwen_selected\angry\214-5O-1014-M-S.jpg,Angry,2,sad,1,0.9,0,0,10,0,0,0,0,0,0,10,10
214-5O-1774-M-S,C:\Users\alper\Desktop\CCDDA\dataset_qwen_selected\angry\214-5O-1774-M-S.jpg,Angry,2,happy,0,1.0,0,10,0,0,0,10,10,10,10,0,0
214-5O-2047-M-S,C:\Users\alper\Desktop\CCDDA\dataset_qwen_selected\angry\214-5O-2047-M-S.jpg,Angry,2,sad,1,0.8,0,5,0,0,0,0,0,0,0,10,10
214-5Q-2037-F-S,C:\Users\alper\Desktop\CCDDA\dataset_qwen_selected\angry\214-5Q-2037-F-S.jpg,Angry,2,happy,0,0.9,0,8,2,1,0,8,7,8,7,2,5
214-6A-398-M-S,C:\Users\alper\Desktop\CCDDA\dataset_qwen_selected\angry\214-6A-398-M-S.jpg,Angry,2,happy,0,1.0,0,10,0,0,0,10,0,10,10,0,0
214-6C-622-F-S,C:\Users\alper\Desktop\CCDDA\dataset_qwen_selected\angry\214-6C-622-F-S.jpg,Angry,2,happy,0,1.0,0,10,0,0,0,10,10,10,10,0,0
214-6D-26-F-S,C:\Users\alper\Desktop\CCDDA\dataset_qwen_selected\angry\214-6D-26-F-S.jpg,Angry,2,happy,0,1.0,0,10,0,0,0,10,0,10,10,0,0
214-6E-1869-F-S,C:\Users\alper\Desktop\CCDDA\dataset_qwen_selected\angry\214-6E-1869-F-S.jpg,Angry,2,happy,0,0.8,0,8,2,0,0,8,5,7,7,2,3
214-6F-2345-F-S,C:\Users\alper\Desktop\CCDDA\dataset_qwen_selected\angry\214-6F-2345-F-S.jpg,Angry,2,sad,1,0.7,0,5,3,2,1,2,3,4,2,1,3
214-6Q-779-M-S,C:\Users\alper\Desktop\CCDDA\dataset_qwen_selected\angry\214-6Q-779-M-S.jpg,Angry,2,happy,0,0.8,0,5,0,0,0,5,5,5,5,0,0
214-7X-355-F-S,C:\Users\alper\Desktop\CCDDA\dataset_qwen_selected\angry\214-7X-355-F-S.jpg,Angry,2,sad,1,0.9,0,0,10,0,0,0,0,0,0,10,10
214-8J-659-F-S,C:\Users\alper\Desktop\CCDDA\dataset_qwen_selected\angry\214-8J-659-F-S.jpg,Angry,2,happy,0,1.0,0,10,0,0,0,10,10,10,10,0,0
215-5Z-784-F-S,C:\Users\alper\Desktop\CCDDA\dataset_qwen_selected\angry\215-5Z-784-F-S.jpg,Angry,2,happy,0,1.0,0,10,0,0,0,10,0,10,10,0,0
215-7Z-147-M-S,C:\Users\alper\Desktop\CCDDA\dataset_qwen_selected\angry\215-7Z-147-M-S.jpg,Angry,2,happy,0,1.0,0,10,0,0,0,10,0,10,10,0,0
216-5A-957-F-S,C:\Users\alper\Desktop\CCDDA\dataset_qwen_selected\angry\216-5A-957-F-S.jpg,Angry,2,happy,0,1.0,0,10,0,0,0,10,0,10,10,0,0
216-7L-1643-M-S,C:\Users\alper\Desktop\CCDDA\dataset_qwen_selected\angry\216-7L-1643-M-S.jpg,Angry,2,happy,0,1.0,0,10,0,0,0,10,10,10,10,0,0
216-8B-1592-F-S,C:\Users\alper\Desktop\CCDDA\dataset_qwen_selected\angry\216-8B-1592-F-S.jpg,Angry,2,happy,0,1.0,0,10,0,0,0,10,0,10,10,0,0
216-8B-199-F-S,C:\Users\alper\Desktop\CCDDA\dataset_qwen_selected\angry\216-8B-199-F-S.jpg,Angry,2,happy,0,1.0,0,10,0,0,0,10,10,10,10,0,0
230-5B-181-F-S,C:\Users\alper\Desktop\CCDDA\dataset_qwen_selected\angry\230-5B-181-F-S.jpg,Angry,2,happy,0,1.0,0,10,0,0,0,10,0,10,10,0,0
230-5G-241-M-H,C:\Users\alper\Desktop\CCDDA\dataset_qwen_selected\angry\230-5G-241-M-H.jpg,Angry,2,happy,0,1.0,0,10,0,0,0,10,10,10,10,0,0
230-6D-22-F-S,C:\Users\alper\Desktop\CCDDA\dataset_qwen_selected\angry\230-6D-22-F-S.jpg,Angry,2,happy,0,1.0,0,10,0,0,0,10,0,10,10,0,0
230-6D-245-F-S,C:\Users\alper\Desktop\CCDDA\dataset_qwen_selected\angry\230-6D-245-F-S.jpg,Angry,2,happy,0,0.9,0,8,2,0,0,8,5,7,7,2,3
230-6D-246-F-S,C:\Users\alper\Desktop\CCDDA\dataset_qwen_selected\angry\230-6D-246-F-S.jpg,Angry,2,happy,0,0.8,0,8,2,0,0,7,6,7,7,2,3
230-6E-718-F-S,C:\Users\alper\Desktop\CCDDA\dataset_qwen_selected\angry\230-6E-718-F-S.jpg,Angry,2,happy,0,0.8,0,8,2,1,1,7,6,5,7,3,5
230-6E-894-F-S,C:\Users\alper\Desktop\CCDDA\dataset_qwen_selected\angry\230-6E-894-F-S.jpg,Angry,2,happy,0,0.9,0,8,2,1,1,8,5,7,7,2,3
230-7B-1602-F-S,C:\Users\alper\Desktop\CCDDA\dataset_qwen_selected\angry\230-7B-1602-F-S.jpg,Angry,2,happy,0,1.0,0,10,0,0,0,10,0,10,10,0,0
230-7B-547-F-S,C:\Users\alper\Desktop\CCDDA\dataset_qwen_selected\angry\230-7B-547-F-S.jpg,Angry,2,happy,0,1.0,0,10,0,0,0,10,0,10,10,0,0
230-7E-1305-M-S,C:\Users\alper\Desktop\CCDDA\dataset_qwen_selected\angry\230-7E-1305-M-S.jpg,Angry,2,happy,0,0.8,0,8,2,0,0,7,6,7,7,2,5
230-7E-589-F-S,C:\Users\alper\Desktop\CCDDA\dataset_qwen_selected\angry\230-7E-589-F-S.jpg,Angry,2,sad,1,0.0,0,0,0,0,0,0,0,0,0,0,0
230-7F-372-F-S,C:\Users\alper\Desktop\CCDDA\dataset_qwen_selected\angry\230-7F-372-F-S.jpg,Angry,2,sad,1,0.9,0,0,10,0,0,0,0,0,0,10,10
230-8A-353-F-S,C:\Users\alper\Desktop\CCDDA\dataset_qwen_selected\angry\230-8A-353-F-S.jpg,Angry,2,happy,0,1.0,0,10,0,0,0,10,0,10,10,0,0
230-8B-174-F-S,C:\Users\alper\Desktop\CCDDA\dataset_qwen_selected\angry\230-8B-174-F-S.jpg,Angry,2,angry,2,0.9,1,0,0,10,0,0,10,10,0,0,10
240-5E-519-M-S,C:\Users\alper\Desktop\CCDDA\dataset_qwen_selected\angry\240-5E-519-M-S.jpg,Angry,2,happy,0,1.0,0,10,0,0,0,10,0,10,10,0,0
240-6E-799-M-S,C:\Users\alper\Desktop\CCDDA\dataset_qwen_selected\angry\240-6E-799-M-S.jpg,Angry,2,happy,0,1.0,0,10,0,0,0,10,0,10,10,0,0
240-6E-808-F-S,C:\Users\alper\Desktop\CCDDA\dataset_qwen_selected\angry\240-6E-808-F-S.jpg,Angry,2,sad,1,0.9,0,0,10,0,0,0,10,0,0,10,10
240-6E-871-M-S,C:\Users\alper\Desktop\CCDDA\dataset_qwen_selected\angry\240-6E-871-M-S.jpg,Angry,2,happy,0,1.0,0,10,0,0,0,10,0,10,10,0,0
240-6E-883-M-S,C:\Users\alper\Desktop\CCDDA\dataset_qwen_selected\angry\240-6E-883-M-S.jpg,Angry,2,happy,0,0.8,0,8,2,0,0,8,6,7,7,2,3
240-7H-297-F-S,C:\Users\alper\Desktop\CCDDA\dataset_qwen_selected\angry\240-7H-297-F-S.jpg,Angry,2,happy,0,1.0,0,10,0,0,0,10,10,10,10,0,0
250-5A-660-F-S,C:\Users\alper\Desktop\CCDDA\dataset_qwen_selected\angry\250-5A-660-F-S.jpg,Angry,2,sad,1,0.9,0,0,10,0,0,0,0,10,0,0,10
250-5A-782-M-S,C:\Users\alper\Desktop\CCDDA\dataset_qwen_selected\angry\250-5A-782-M-S.jpg,Angry,2,happy,0,1.0,0,10,0,0,0,10,0,10,10,0,0
250-5C-1871-F-S,C:\Users\alper\Desktop\CCDDA\dataset_qwen_selected\angry\250-5C-1871-F-S.jpg,Angry,2,sad,1,0.9,0,0,10,0,0,10,0,0,0,0,10
250-5C-1913-F-S,C:\Users\alper\Desktop\CCDDA\dataset_qwen_selected\angry\250-5C-1913-F-S.jpg,Angry,2,sad,1,0.9,0,0,10,0,0,0,10,0,0,10,10
250-5C-264-F-S,C:\Users\alper\Desktop\CCDDA\dataset_qwen_selected\angry\250-5C-264-F-S.jpg,Angry,2,happy,0,0.8,0,8,2,0,0,8,5,7,7,2,3
250-5D-1349-F-S,C:\Users\alper\Desktop\CCDDA\dataset_qwen_selected\angry\250-5D-1349-F-S.jpg,Angry,2,angry,2,0.9,1,0,0,10,0,0,10,10,0,0,10
250-5E-1112-F-S,C:\Users\alper\Desktop\CCDDA\dataset_qwen_selected\angry\250-5E-1112-F-S.jpg,Angry,2,sad,1,0.9,0,0,10,0,0,0,10,0,0,10,10
250-5F-793-M-S,C:\Users\alper\Desktop\CCDDA\dataset_qwen_selected\angry\250-5F-793-M-S.jpg,Angry,2,happy,0,1.0,0,10,0,0,0,10,0,10,10,0,0
250-5J-1240-M-S,C:\Users\alper\Desktop\CCDDA\dataset_qwen_selected\angry\250-5J-1240-M-S.jpg,Angry,2,happy,0,1.0,0,10,0,0,0,10,0,10,10,0,0
250-5J-3713-F-S,C:\Users\alper\Desktop\CCDDA\dataset_qwen_selected\angry\250-5J-3713-F-S.jpg,Angry,2,sad,1,0.8,0,5,8,2,3,7,6,7,6,3,7
250-5J-830-M-S,C:\Users\alper\Desktop\CCDDA\dataset_qwen_selected\angry\250-5J-830-M-S.jpg,Angry,2,sad,1,0.9,0,0,10,0,0,10,0,10,0,0,0
250-5K-1002-F-S,C:\Users\alper\Desktop\CCDDA\dataset_qwen_selected\angry\250-5K-1002-F-S.jpg,Angry,2,sad,1,0.9,0,0,10,0,0,0,10,0,0,10,10
250-5K-1373-F-S,C:\Users\alper\Desktop\CCDDA\dataset_qwen_selected\angry\250-5K-1373-F-S.jpg,Angry,2,happy,0,1.0,0,10,0,0,0,10,0,10,10,0,0
250-5Q-33-M-S,C:\Users\alper\Desktop\CCDDA\dataset_qwen_selected\angry\250-5Q-33-M-S.jpg,Angry,2,happy,0,0.8,0,8,2,0,0,6,3,5,3,1,4
250-6C-1668-F-S,C:\Users\alper\Desktop\CCDDA\dataset_qwen_selected\angry\250-6C-1668-F-S.jpg,Angry,2,happy,0,0.8,0,5,3,2,1,7,6,8,7,2,3
250-6G-1246-M-S,C:\Users\alper\Desktop\CCDDA\dataset_qwen_selected\angry\250-6G-1246-M-S.jpg,Angry,2,happy,0,1.0,0,10,0,0,0,10,10,10,10,0,0
250-6G-1790-M-S,C:\Users\alper\Desktop\CCDDA\dataset_qwen_selected\angry\250-6G-1790-M-S.jpg,Angry,2,happy,0,1.0,0,10,0,0,0,10,0,10,10,0,0
250-6G-3010-M-S,C:\Users\alper\Desktop\CCDDA\dataset_qwen_selected\angry\250-6G-3010-M-S.jpg,Angry,2,happy,0,1.0,0,10,0,0,0,10,0,10,10,0,0
250-6G-99-F-S,C:\Users\alper\Desktop\CCDDA\dataset_qwen_selected\angry\250-6G-99-F-S.jpg,Angry,2,sad,1,0.9,0,0,10,0,0,0,0,10,0,0,0
250-6H-746-F-S,C:\Users\alper\Desktop\CCDDA\dataset_qwen_selected\angry\250-6H-746-F-S.jpg,Angry,2,happy,0,0.8,0,5,0,0,0,8,6,3,2,0,8
250-6L-1007-F-S,C:\Users\alper\Desktop\CCDDA\dataset_qwen_selected\angry\250-6L-1007-F-S.jpg,Angry,2,happy,0,1.0,0,10,0,0,0,10,0,10,10,0,0
250-6L-113-M-S,C:\Users\alper\Desktop\CCDDA\dataset_qwen_selected\angry\250-6L-113-M-S.jpg,Angry,2,happy,0,1.0,0,10,0,0,0,10,0,10,10,0,0
250-6Q-391-F-S,C:\Users\alper\Desktop\CCDDA\dataset_qwen_selected\angry\250-6Q-391-F-S.jpg,Angry,2,happy,0,1.0,0,10,0,0,0,10,0,10,10,0,0
250-7A-1294-M-S,C:\Users\alper\Desktop\CCDDA\dataset_qwen_selected\angry\250-7A-1294-M-S.jpg,Angry,2,happy,0,1.0,0,10,0,0,0,10,10,10,10,0,0
250-7C-1801-M-H,C:\Users\alper\Desktop\CCDDA\dataset_qwen_selected\angry\250-7C-1801-M-H.jpg,Angry,2,happy,0,0.9,0,8,2,0,0,8,5,7,6,2,3
250-7C-314-F-S,C:\Users\alper\Desktop\CCDDA\dataset_qwen_selected\angry\250-7C-314-F-S.jpg,Angry,2,happy,0,0.9,0,10,0,0,0,10,5,7,8,0,0
250-7F-3563-F-S,C:\Users\alper\Desktop\CCDDA\dataset_qwen_selected\angry\250-7F-3563-F-S.jpg,Angry,2,happy,0,0.8,0,5,2,1,0,3,3,3,3,1,2
250-7H-1214-F-S,C:\Users\alper\Desktop\CCDDA\dataset_qwen_selected\angry\250-7H-1214-F-S.jpg,Angry,2,happy,0,0.8,0,5,2,1,1,2,3,4,3,1,5
250-7K-1258-F-S,C:\Users\alper\Desktop\CCDDA\dataset_qwen_selected\angry\250-7K-1258-F-S.jpg,Angry,2,happy,0,0.9,0,8,2,1,0,8,7,8,7,1,3
250-8G-1386-M-S,C:\Users\alper\Desktop\CCDDA\dataset_qwen_selected\angry\250-8G-1386-M-S.jpg,Angry,2,sad,1,0.0,0,0,0,0,0,0,0,0,0,0,0
250-8Q-1463-F-S,C:\Users\alper\Desktop\CCDDA\dataset_qwen_selected\angry\250-8Q-1463-F-S.jpg,Angry,2,happy,0,0.8,0,5,2,1,1,3,3,6,3,1,2
280-5A-2167-F-S,C:\Users\alper\Desktop\CCDDA\dataset_qwen_selected\angry\280-5A-2167-F-S.jpg,Angry,2,happy,0,0.9,0,8,2,1,0,8,7,7,7,2,3
280-5B-1172-F-S,C:\Users\alper\Desktop\CCDDA\dataset_qwen_selected\angry\280-5B-1172-F-S.jpg,Angry,2,happy,0,1.0,0,10,0,0,0,10,0,10,10,0,0
280-5B-678-M-S,C:\Users\alper\Desktop\CCDDA\dataset_qwen_selected\angry\280-5B-678-M-S.jpg,Angry,2,happy,0,1.0,0,10,0,0,0,10,10,10,10,0,0
280-5L-2148-M-S,C:\Users\alper\Desktop\CCDDA\dataset_qwen_selected\angry\280-5L-2148-M-S.jpg,Angry,2,happy,0,1.0,0,10,0,0,0,10,0,10,10,0,0
280-5M-95-M-S,C:\Users\alper\Desktop\CCDDA\dataset_qwen_selected\angry\280-5M-95-M-S.jpg,Angry,2,sad,1,0.9,0,0,10,0,0,0,10,0,0,10,10
280-5N-1518-M-S,C:\Users\alper\Desktop\CCDDA\dataset_qwen_selected\angry\280-5N-1518-M-S.jpg,Angry,2,sad,1,0.0,0,0,0,0,0,0,0,0,0,0,0
280-5N-2153-F-S,C:\Users\alper\Desktop\CCDDA\dataset_qwen_selected\angry\280-5N-2153-F-S.jpg,Angry,2,sad,1,0.8,0,5,8,2,1,8,7,8,7,2,3
280-6A-227-F-S,C:\Users\alper\Desktop\CCDDA\dataset_qwen_selected\angry\280-6A-227-F-S.jpg,Angry,2,happy,0,1.0,0,10,0,0,0,10,0,10,10,0,0
280-6G-450-F-S,C:\Users\alper\Desktop\CCDDA\dataset_qwen_selected\angry\280-6G-450-F-S.jpg,Angry,2,happy,0,0.8,0,8,2,0,0,6,5,7,7,3,3
280-6H-1293-M-S,C:\Users\alper\Desktop\CCDDA\dataset_qwen_selected\angry\280-6H-1293-M-S.jpg,Angry,2,sad,1,0.8,0,5,8,2,1,7,4,6,3,1,8
280-6H-490-F-S,C:\Users\alper\Desktop\CCDDA\dataset_qwen_selected\angry\280-6H-490-F-S.jpg,Angry,2,sad,1,1.0,0,0,10,0,0,10,0,10,0,0,0
280-6N-644-F-S,C:\Users\alper\Desktop\CCDDA\dataset_qwen_selected\angry\280-6N-644-F-S.jpg,Angry,2,happy,0,1.0,0,10,0,0,0,10,0,10,10,0,0
280-7B-2546-F-S,C:\Users\alper\Desktop\CCDDA\dataset_qwen_selected\angry\280-7B-2546-F-S.jpg,Angry,2,happy,0,1.0,0,10,0,0,0,10,0,10,10,0,0
280-7B-3163-F-S,C:\Users\alper\Desktop\CCDDA\dataset_qwen_selected\angry\280-7B-3163-F-S.jpg,Angry,2,happy,0,1.0,0,10,0,0,0,10,0,10,10,0,0
280-7C-118-F-S,C:\Users\alper\Desktop\CCDDA\dataset_qwen_selected\angry\280-7C-118-F-S.jpg,Angry,2,happy,0,1.0,0,10,0,0,0,10,0,10,10,0,0
280-7C-1790-M-S,C:\Users\alper\Desktop\CCDDA\dataset_qwen_selected\angry\280-7C-1790-M-S.jpg,Angry,2,sad,1,0.0,0,0,0,0,0,0,0,0,0,10,10
280-7C-3079-M-S,C:\Users\alper\Desktop\CCDDA\dataset_qwen_selected\angry\280-7C-3079-M-S.jpg,Angry,2,happy,0,1.0,0,10,0,0,0,10,10,10,10,0,0
280-7E-173-F-S,C:\Users\alper\Desktop\CCDDA\dataset_qwen_selected\angry\280-7E-173-F-S.jpg,Angry,2,happy,0,0.9,0,8,2,1,0,8,5,7,7,2,3
280-7G-618-M-S,C:\Users\alper\Desktop\CCDDA\dataset_qwen_selected\angry\280-7G-618-M-S.jpg,Angry,2,happy,0,1.0,0,10,0,0,0,10,0,10,10,0,0
280-8K-809-M-S,C:\Users\alper\Desktop\CCDDA\dataset_qwen_selected\angry\280-8K-809-M-S.jpg,Angry,2,happy,0,0.8,0,8,2,0,0,8,7,6,7,2,3
101-1B-267-F-S,C:\Users\alper\Desktop\CCDDA\dataset_qwen_selected\fear\101-1B-267-F-S.jpg,Fear,3,happy,0,1.0,0,10,0,0,0,10,0,10,10,0,0
101-1B-48-M-S,C:\Users\alper\Desktop\CCDDA\dataset_qwen_selected\fear\101-1B-48-M-S.jpg,Fear,3,happy,0,1.0,0,10,0,0,0,10,0,10,10,0,0
101-1B-676-M-H,C:\Users\alper\Desktop\CCDDA\dataset_qwen_selected\fear\101-1B-676-M-H.jpg,Fear,3,happy,0,1.0,0,10,0,0,0,10,0,10,10,0,0
101-1D-901-F-S,C:\Users\alper\Desktop\CCDDA\dataset_qwen_selected\fear\101-1D-901-F-S.jpg,Fear,3,happy,0,1.0,0,10,0,0,0,10,0,10,10,0,0
101-1E-497-M-S,C:\Users\alper\Desktop\CCDDA\dataset_qwen_selected\fear\101-1E-497-M-S.jpg,Fear,3,happy,0,1.0,0,10,0,0,0,10,10,10,10,0,0
101-1E-610-M-S,C:\Users\alper\Desktop\CCDDA\dataset_qwen_selected\fear\101-1E-610-M-S.jpg,Fear,3,happy,0,1.0,0,10,0,0,0,10,0,10,10,0,0
101-1F-2297-M-S,C:\Users\alper\Desktop\CCDDA\dataset_qwen_selected\fear\101-1F-2297-M-S.jpg,Fear,3,happy,0,1.0,0,10,0,0,0,10,0,10,10,0,0
101-1H-791-M-S,C:\Users\alper\Desktop\CCDDA\dataset_qwen_selected\fear\101-1H-791-M-S.jpg,Fear,3,happy,0,1.0,0,10,0,0,0,10,0,10,10,0,0
101-2B-228-M-S,C:\Users\alper\Desktop\CCDDA\dataset_qwen_selected\fear\101-2B-228-M-S.jpg,Fear,3,happy,0,1.0,0,10,0,0,0,10,10,10,10,0,0
101-2B-937-M-S,C:\Users\alper\Desktop\CCDDA\dataset_qwen_selected\fear\101-2B-937-M-S.jpg,Fear,3,happy,0,0.8,0,8,2,0,0,8,6,7,5,2,3
101-2E-3-M-S,C:\Users\alper\Desktop\CCDDA\dataset_qwen_selected\fear\101-2E-3-M-S.jpg,Fear,3,happy,0,1.0,0,10,0,0,0,10,0,10,10,0,0
101-2Z-197-M-S,C:\Users\alper\Desktop\CCDDA\dataset_qwen_selected\fear\101-2Z-197-M-S.jpg,Fear,3,happy,0,0.8,0,8,2,0,0,5,6,7,8,3,4
101-2Z-474-M-S,C:\Users\alper\Desktop\CCDDA\dataset_qwen_selected\fear\101-2Z-474-M-S.jpg,Fear,3,happy,0,1.0,0,10,0,0,0,10,0,10,10,0,0
101-3F-499-M-S,C:\Users\alper\Desktop\CCDDA\dataset_qwen_selected\fear\101-3F-499-M-S.jpg,Fear,3,sad,1,0.9,0,0,10,0,0,0,10,10,0,10,10
101-4C-1004-M-S,C:\Users\alper\Desktop\CCDDA\dataset_qwen_selected\fear\101-4C-1004-M-S.jpg,Fear,3,happy,0,1.0,0,10,0,0,0,10,0,10,10,0,0
101-4C-1108-M-S,C:\Users\alper\Desktop\CCDDA\dataset_qwen_selected\fear\101-4C-1108-M-S.jpg,Fear,3,happy,0,1.0,0,10,0,0,0,10,10,10,10,0,0
101-4C-1164-F-S,C:\Users\alper\Desktop\CCDDA\dataset_qwen_selected\fear\101-4C-1164-F-S.jpg,Fear,3,sad,1,0.9,0,0,10,0,0,0,0,0,0,10,10
101-4C-432-F-S,C:\Users\alper\Desktop\CCDDA\dataset_qwen_selected\fear\101-4C-432-F-S.jpg,Fear,3,happy,0,0.8,0,8,2,0,0,8,5,7,7,2,3
101-4C-467-F-S,C:\Users\alper\Desktop\CCDDA\dataset_qwen_selected\fear\101-4C-467-F-S.jpg,Fear,3,sad,1,0.9,0,0,10,0,0,0,0,0,0,10,10
101-4C-551-M-S,C:\Users\alper\Desktop\CCDDA\dataset_qwen_selected\fear\101-4C-551-M-S.jpg,Fear,3,happy,0,1.0,0,10,0,0,0,10,0,10,10,0,0
101-4E-629-M-S,C:\Users\alper\Desktop\CCDDA\dataset_qwen_selected\fear\101-4E-629-M-S.jpg,Fear,3,happy,0,1.0,0,10,0,0,0,10,10,10,10,0,0
101-4F-794-M-S,C:\Users\alper\Desktop\CCDDA\dataset_qwen_selected\fear\101-4F-794-M-S.jpg,Fear,3,happy,0,1.0,0,10,0,0,0,10,0,10,10,0,0
101-4F-867-M-S,C:\Users\alper\Desktop\CCDDA\dataset_qwen_selected\fear\101-4F-867-M-S.jpg,Fear,3,happy,0,0.9,0,8,2,1,1,8,7,6,7,3,5
102-1B-1022-M-S,C:\Users\alper\Desktop\CCDDA\dataset_qwen_selected\fear\102-1B-1022-M-S.jpg,Fear,3,happy,0,0.9,0,8,2,1,0,7,6,7,7,2,5
102-1C-1045-M-S,C:\Users\alper\Desktop\CCDDA\dataset_qwen_selected\fear\102-1C-1045-M-S.jpg,Fear,3,happy,0,1.0,0,10,0,0,0,10,0,10,10,0,0
102-1C-1161-M-S,C:\Users\alper\Desktop\CCDDA\dataset_qwen_selected\fear\102-1C-1161-M-S.jpg,Fear,3,happy,0,0.9,0,5,0,0,0,5,10,10,10,0,0
102-1C-986-M-S,C:\Users\alper\Desktop\CCDDA\dataset_qwen_selected\fear\102-1C-986-M-S.jpg,Fear,3,happy,0,1.0,0,10,0,0,0,10,0,10,10,0,0
102-1D-1069-M-H,C:\Users\alper\Desktop\CCDDA\dataset_qwen_selected\fear\102-1D-1069-M-H.jpg,Fear,3,happy,0,1.0,0,10,0,0,0,10,0,10,10,0,0
102-1D-1069-M-S,C:\Users\alper\Desktop\CCDDA\dataset_qwen_selected\fear\102-1D-1069-M-S.jpg,Fear,3,sad,1,0.0,0,0,0,0,0,0,0,0,0,0,0
102-1D-345-F-S,C:\Users\alper\Desktop\CCDDA\dataset_qwen_selected\fear\102-1D-345-F-S.jpg,Fear,3,happy,0,1.0,0,10,0,0,0,10,10,10,10,0,0
102-1E-1118-M-S,C:\Users\alper\Desktop\CCDDA\dataset_qwen_selected\fear\102-1E-1118-M-S.jpg,Fear,3,happy,0,0.9,0,8,2,1,0,1,5,7,8,0,3
102-2A-479-F-S,C:\Users\alper\Desktop\CCDDA\dataset_qwen_selected\fear\102-2A-479-F-S.jpg,Fear,3,happy,0,1.0,0,10,0,0,0,10,10,10,10,0,0
102-2A-941-M-S,C:\Users\alper\Desktop\CCDDA\dataset_qwen_selected\fear\102-2A-941-M-S.jpg,Fear,3,happy,0,0.9,0,8,2,1,1,8,5,7,7,2,3
102-2B-466-M-S,C:\Users\alper\Desktop\CCDDA\dataset_qwen_selected\fear\102-2B-466-M-S.jpg,Fear,3,happy,0,0.8,0,5,2,3,1,7,6,8,7,2,4
102-2C-792-M-S,C:\Users\alper\Desktop\CCDDA\dataset_qwen_selected\fear\102-2C-792-M-S.jpg,Fear,3,happy,0,0.8,0,8,2,0,0,6,5,7,7,3,4
102-2E-829-F-S,C:\Users\alper\Desktop\CCDDA\dataset_qwen_selected\fear\102-2E-829-F-S.jpg,Fear,3,happy,0,1.0,0,10,0,0,0,10,0,10,10,0,0
102-3C-627-M-S,C:\Users\alper\Desktop\CCDDA\dataset_qwen_selected\fear\102-3C-627-M-S.jpg,Fear,3,happy,0,0.9,0,8,2,1,0,8,7,7,7,2,3
102-3C-713-M-S,C:\Users\alper\Desktop\CCDDA\dataset_qwen_selected\fear\102-3C-713-M-S.jpg,Fear,3,happy,0,0.9,0,8,2,1,0,7,5,6,7,1,3
102-3E-584-M-S,C:\Users\alper\Desktop\CCDDA\dataset_qwen_selected\fear\102-3E-584-M-S.jpg,Fear,3,happy,0,0.8,0,8,2,1,1,8,5,7,7,2,3
102-3E-696-F-S,C:\Users\alper\Desktop\CCDDA\dataset_qwen_selected\fear\102-3E-696-F-S.jpg,Fear,3,happy,0,1.0,0,10,0,0,0,10,10,10,10,0,0
102-3F-553-M-S,C:\Users\alper\Desktop\CCDDA\dataset_qwen_selected\fear\102-3F-553-M-S.jpg,Fear,3,sad,1,0.9,0,0,10,0,0,0,0,0,0,10,10
102-3F-663-F-S,C:\Users\alper\Desktop\CCDDA\dataset_qwen_selected\fear\102-3F-663-F-S.jpg,Fear,3,sad,1,0.9,0,0,10,0,0,0,0,0,0,0,10
102-4A-463-M-H,C:\Users\alper\Desktop\CCDDA\dataset_qwen_selected\fear\102-4A-463-M-H.jpg,Fear,3,happy,0,1.0,0,10,0,0,0,10,10,10,10,0,0
102-4B-478-M-S,C:\Users\alper\Desktop\CCDDA\dataset_qwen_selected\fear\102-4B-478-M-S.jpg,Fear,3,happy,0,1.0,0,10,0,0,0,10,0,10,10,0,0
102-4C-115-F-S,C:\Users\alper\Desktop\CCDDA\dataset_qwen_selected\fear\102-4C-115-F-S.jpg,Fear,3,happy,0,1.0,0,10,0,0,0,10,0,10,10,0,0
102-4C-195-M-S,C:\Users\alper\Desktop\CCDDA\dataset_qwen_selected\fear\102-4C-195-M-S.jpg,Fear,3,happy,0,1.0,0,10,0,0,0,10,10,10,10,0,0
102-4C-50-F-S,C:\Users\alper\Desktop\CCDDA\dataset_qwen_selected\fear\102-4C-50-F-S.jpg,Fear,3,happy,0,1.0,0,10,0,0,0,10,0,10,10,0,0
102-4E-128-F-S,C:\Users\alper\Desktop\CCDDA\dataset_qwen_selected\fear\102-4E-128-F-S.jpg,Fear,3,happy,0,1.0,0,10,0,0,0,10,0,10,10,0,0
102-4F-199-F-S,C:\Users\alper\Desktop\CCDDA\dataset_qwen_selected\fear\102-4F-199-F-S.jpg,Fear,3,happy,0,1.0,0,10,0,0,0,10,0,10,10,0,0
103-2N-492-M-S,C:\Users\alper\Desktop\CCDDA\dataset_qwen_selected\fear\103-2N-492-M-S.jpg,Fear,3,sad,1,0.7,0,5,3,2,1,2,3,4,2,1,4
103-2Z-2176-F-S,C:\Users\alper\Desktop\CCDDA\dataset_qwen_selected\fear\103-2Z-2176-F-S.jpg,Fear,3,sad,1,0.9,0,0,10,0,0,0,0,0,0,10,10
103-3B-338-M-S,C:\Users\alper\Desktop\CCDDA\dataset_qwen_selected\fear\103-3B-338-M-S.jpg,Fear,3,sad,1,0.9,0,0,10,0,0,0,0,0,0,10,10
103-3G-2610-F-S,C:\Users\alper\Desktop\CCDDA\dataset_qwen_selected\fear\103-3G-2610-F-S.jpg,Fear,3,sad,1,0.0,0,0,0,0,0,0,0,0,0,0,0
103-3H-1047-M-S,C:\Users\alper\Desktop\CCDDA\dataset_qwen_selected\fear\103-3H-1047-M-S.jpg,Fear,3,happy,0,1.0,0,10,0,0,0,10,0,10,10,0,0
103-3H-1478-F-S,C:\Users\alper\Desktop\CCDDA\dataset_qwen_selected\fear\103-3H-1478-F-S.jpg,Fear,3,happy,0,1.0,0,10,0,0,0,10,0,10,10,0,0
103-3K-355-F-S,C:\Users\alper\Desktop\CCDDA\dataset_qwen_selected\fear\103-3K-355-F-S.jpg,Fear,3,happy,0,1.0,0,10,0,0,0,10,10,10,10,0,0
103-4A-319-M-S,C:\Users\alper\Desktop\CCDDA\dataset_qwen_selected\fear\103-4A-319-M-S.jpg,Fear,3,happy,0,1.0,0,10,0,0,0,10,0,10,10,0,0
103-4C-434-M-S,C:\Users\alper\Desktop\CCDDA\dataset_qwen_selected\fear\103-4C-434-M-S.jpg,Fear,3,happy,0,1.0,0,10,0,0,0,10,0,10,10,0,0
103-4H-100-M-S,C:\Users\alper\Desktop\CCDDA\dataset_qwen_selected\fear\103-4H-100-M-S.jpg,Fear,3,happy,0,1.0,0,10,0,0,0,10,10,10,10,0,0
103-4H-1646-M-S,C:\Users\alper\Desktop\CCDDA\dataset_qwen_selected\fear\103-4H-1646-M-S.jpg,Fear,3,happy,0,1.0,0,10,0,0,0,10,10,10,10,0,0
103-4H-732-M-S,C:\Users\alper\Desktop\CCDDA\dataset_qwen_selected\fear\103-4H-732-M-S.jpg,Fear,3,happy,0,0.9,0,8,2,0,0,8,7,7,8,2,3
103-4L-1129-M-S,C:\Users\alper\Desktop\CCDDA\dataset_qwen_selected\fear\103-4L-1129-M-S.jpg,Fear,3,sad,1,0.9,0,0,0,0,0,0,10,10,0,0,0
103-4L-183-M-S,C:\Users\alper\Desktop\CCDDA\dataset_qwen_selected\fear\103-4L-183-M-S.jpg,Fear,3,sad,1,0.9,0,0,10,0,0,0,10,0,0,10,10
103-4L-990-F-S,C:\Users\alper\Desktop\CCDDA\dataset_qwen_selected\fear\103-4L-990-F-S.jpg,Fear,3,happy,0,0.8,0,8,2,0,0,8,5,7,7,2,3
103-4O-280-F-S,C:\Users\alper\Desktop\CCDDA\dataset_qwen_selected\fear\103-4O-280-F-S.jpg,Fear,3,happy,0,0.8,0,8,2,1,1,8,5,7,7,2,3
103-4Q-118-F-S,C:\Users\alper\Desktop\CCDDA\dataset_qwen_selected\fear\103-4Q-118-F-S.jpg,Fear,3,sad,1,0.9,0,0,10,0,0,0,0,0,0,0,10
104-2D-1262-F-S,C:\Users\alper\Desktop\CCDDA\dataset_qwen_selected\fear\104-2D-1262-F-S.jpg,Fear,3,happy,0,0.9,0,8,2,1,0,8,5,7,7,2,3
104-2D-475-M-H,C:\Users\alper\Desktop\CCDDA\dataset_qwen_selected\fear\104-2D-475-M-H.jpg,Fear,3,happy,0,1.0,0,10,0,0,0,10,0,10,10,0,0
104-2H-1224-M-S,C:\Users\alper\Desktop\CCDDA\dataset_qwen_selected\fear\104-2H-1224-M-S.jpg,Fear,3,happy,0,0.8,0,8,2,0,0,8,6,7,7,2,3
104-2H-1232-M-S,C:\Users\alper\Desktop\CCDDA\dataset_qwen_selected\fear\104-2H-1232-M-S.jpg,Fear,3,happy,0,1.0,0,10,0,0,0,10,0,10,10,0,0
104-3C-209-M-S,C:\Users\alper\Desktop\CCDDA\dataset_qwen_selected\fear\104-3C-209-M-S.jpg,Fear,3,happy,0,1.0,0,10,0,0,0,10,0,10,10,0,0
104-3H-1645-F-S,C:\Users\alper\Desktop\CCDDA\dataset_qwen_selected\fear\104-3H-1645-F-S.jpg,Fear,3,happy,0,1.0,0,10,0,0,0,10,0,10,10,0,0
104-4B-159-F-S,C:\Users\alper\Desktop\CCDDA\dataset_qwen_selected\fear\104-4B-159-F-S.jpg,Fear,3,happy,0,1.0,0,10,0,0,0,10,0,10,10,0,0
104-4Z-1234-M-H,C:\Users\alper\Desktop\CCDDA\dataset_qwen_selected\fear\104-4Z-1234-M-H.jpg,Fear,3,happy,0,0.9,0,8,2,1,1,8,7,7,7,2,6
105-1A-254-M-S,C:\Users\alper\Desktop\CCDDA\dataset_qwen_selected\fear\105-1A-254-M-S.jpg,Fear,3,happy,0,1.0,0,10,0,0,0,10,10,10,10,0,0
105-1A-255-M-S,C:\Users\alper\Desktop\CCDDA\dataset_qwen_selected\fear\105-1A-255-M-S.jpg,Fear,3,happy,0,1.0,0,10,0,0,0,10,0,10,10,0,0
105-2D-1035-M-S,C:\Users\alper\Desktop\CCDDA\dataset_qwen_selected\fear\105-2D-1035-M-S.jpg,Fear,3,sad,1,0.8,0,2,8,3,1,0,3,3,2,8,8
105-3E-1289-F-S,C:\Users\alper\Desktop\CCDDA\dataset_qwen_selected\fear\105-3E-1289-F-S.jpg,Fear,3,happy,0,1.0,0,10,0,0,0,10,10,10,10,0,0
105-4A-1070-M-S,C:\Users\alper\Desktop\CCDDA\dataset_qwen_selected\fear\105-4A-1070-M-S.jpg,Fear,3,happy,0,1.0,0,10,0,0,0,10,0,10,10,0,0
105-4B-58-F-H,C:\Users\alper\Desktop\CCDDA\dataset_qwen_selected\fear\105-4B-58-F-H.jpg,Fear,3,happy,0,1.0,0,10,0,0,0,10,10,10,10,0,0
105-4D-1224-F-S,C:\Users\alper\Desktop\CCDDA\dataset_qwen_selected\fear\105-4D-1224-F-S.jpg,Fear,3,happy,0,1.0,0,10,0,0,0,0,0,10,10,0,0
105-4D-176-M-S,C:\Users\alper\Desktop\CCDDA\dataset_qwen_selected\fear\105-4D-176-M-S.jpg,Fear,3,happy,0,0.8,0,7,2,1,0,7,6,7,6,2,3
105-4D-62-M-S,C:\Users\alper\Desktop\CCDDA\dataset_qwen_selected\fear\105-4D-62-M-S.jpg,Fear,3,sad,1,0.9,0,0,10,0,0,0,0,0,0,10,10
105-4D-71-M-S,C:\Users\alper\Desktop\CCDDA\dataset_qwen_selected\fear\105-4D-71-M-S.jpg,Fear,3,happy,0,1.0,0,10,0,0,0,10,0,10,10,0,0
105-4F-440-F-S,C:\Users\alper\Desktop\CCDDA\dataset_qwen_selected\fear\105-4F-440-F-S.jpg,Fear,3,sad,1,0.9,0,0,10,0,0,0,0,0,0,10,10
106-3A-136-F-S,C:\Users\alper\Desktop\CCDDA\dataset_qwen_selected\fear\106-3A-136-F-S.jpg,Fear,3,sad,1,0.8,0,5,8,2,1,7,6,7,6,2,3
106-3C-565-F-S,C:\Users\alper\Desktop\CCDDA\dataset_qwen_selected\fear\106-3C-565-F-S.jpg,Fear,3,happy,0,1.0,0,10,0,0,0,10,10,10,10,0,0
106-3C-985-F-S,C:\Users\alper\Desktop\CCDDA\dataset_qwen_selected\fear\106-3C-985-F-S.jpg,Fear,3,sad,1,0.9,0,0,10,0,0,0,0,0,0,10,10
106-3D-844-F-S,C:\Users\alper\Desktop\CCDDA\dataset_qwen_selected\fear\106-3D-844-F-S.jpg,Fear,3,sad,1,0.9,0,0,10,0,0,0,0,0,0,10,10
106-3E-754-M-S,C:\Users\alper\Desktop\CCDDA\dataset_qwen_selected\fear\106-3E-754-M-S.jpg,Fear,3,happy,0,1.0,0,10,0,0,0,10,10,10,10,0,0
106-3G-763-M-S,C:\Users\alper\Desktop\CCDDA\dataset_qwen_selected\fear\106-3G-763-M-S.jpg,Fear,3,happy,0,1.0,0,10,0,0,0,10,10,10,10,0,0
106-4B-270-F-S,C:\Users\alper\Desktop\CCDDA\dataset_qwen_selected\fear\106-4B-270-F-S.jpg,Fear,3,happy,0,0.8,0,8,2,1,1,8,7,8,7,2,3
106-4F-434-F-S,C:\Users\alper\Desktop\CCDDA\dataset_qwen_selected\fear\106-4F-434-F-S.jpg,Fear,3,happy,0,0.8,0,8,2,3,1,8,5,7,7,2,4
